,ID,Last Name,First Name,Date of Birth,Address,City,State,Country,Zip Code,Time Zone,Gender,Phone Number,SSN,Username,Company Email,Personal Email,Date Added,Date Removed,Removal Reason
0,,,,,,,,,,,,,,,,,,,
1,1,Roberts,Kyle,1928-08-06,4095 Sherman Walk Suite 627,Contrerasborough,AS,USA,95020,['Pacific/Samoa'],M,698.677.4039x204,770-32-6778,Krts1,Krts1@NotaFakeCompany.com,patrickcannon@hotmail.com,2018-01-31 00:00:00,,
2,2,Hunt,Karen,2015-02-02,82234 Tara Skyway Suite 014,Joshuafurt,TN,USA,75378,America/Chicago,F,+1-972-945-2597x136,202-98-5911,Kunt2,Kunt2@NotaFakeCompany.com,fbanks@hotmail.com,2018-01-31 00:00:00,,
3,3,Owen,Benjamin,1987-08-16,26132 Kramer Fords,Blakeport,AR,USA,04550,['America/Chicago'],M,+1-356-826-3538x7012,283-58-1455,Bwen3,Bwen3@NotaFakeCompany.com,matthew23@hotmail.com,2018-01-31 00:00:00,,
5,5,Saunders,Tammy,1943-10-11,1602 Walker Walk Suite 979,North Mindybury,UT,USA,86511,['America/Denver'],F,+1-746-793-4149x9263,895-27-6270,Ters5,Ters5@NotaFakeCompany.com,bryan92@yahoo.com,2018-01-31 00:00:00,,
9,9,Cooper,Shannon,2018-07-14,100 Carpenter Common,Montgomeryberg,NC,USA,47264,['America/New_York'],F,(753)652-9291,288-18-2894,Sper9,Sper9@NotaFakeCompany.com,kathrynschmidt@yahoo.com,2018-01-31 00:00:00,,
10,10,Campos,Kiara,1917-06-24,065 Richard Lakes Suite 786,New Chelseyport,MD,USA,55327,['America/New_York'],F,314.202.5291,638-56-7158,Kpos10,Kpos10@NotaFakeCompany.com,pattersongavin@gmail.com,2018-02-28 00:00:00,,
11,11,White,Tiffany,1916-08-15,988 Anderson Trace,Port Anthonyborough,NY,USA,37755,['America/New_York'],F,468.476.7608,220-24-2411,Tite11,Tite11@NotaFakeCompany.com,monroemichael@hotmail.com,2018-02-28 00:00:00,,
14,14,Cruz,Bryce,1958-09-04,32026 Gardner Village,North Laurie,NJ,USA,73499,['America/New_York'],M,+1-415-492-2133,025-45-4683,Bruz14,Bruz14@NotaFakeCompany.com,walterrobin@hotmail.com,2018-02-28 00:00:00,,
16,16,Berry,Monica,1998-06-01,2882 Williams Cove,West Jasonbury,NY,USA,06057,['America/New_York'],F,800.642.8845,104-98-4630,Mrry16,Mrry16@NotaFakeCompany.com,frandolph@gmail.com,2018-02-28 00:00:00,,
19,19,Ward,John,1952-01-02,5752 Eric Plaza Suite 307,New John,NY,USA,99656,['America/New_York'],M,+1-546-291-0120x284,038-43-5355,Jard19,Jard19@NotaFakeCompany.com,smithjennifer@yahoo.com,2018-02-28 00:00:00,,
22,22,Young,Ricardo,1909-01-12,5483 Carter Springs Suite 383,Lake Cameron,VA,USA,07835,['America/New_York'],M,229.573.8018,704-33-2229,Rung22,Rung22@NotaFakeCompany.com,imolina@yahoo.com,2018-02-28 00:00:00,,
24,24,Mcgee,Heather,1982-02-09,47160 Jerry Loaf Apt. 242,New Karen,VA,USA,35855,['America/New_York'],F,867-673-6726x151,547-84-4061,Hgee24,Hgee24@NotaFakeCompany.com,johnsonmichael@hotmail.com,2018-03-31 00:00:00,,
25,25,Lee,Andrea,1960-09-17,5692 Brian Mall,West Laurieland,MO,USA,72472,['America/Chicago'],F,001-612-633-6855x45680,140-09-6220,ALee25,ALee25@NotaFakeCompany.com,millerzachary@hotmail.com,2018-03-31 00:00:00,,
28,28,Sanders,William,1967-08-01,34592 Leslie Junctions,New Maryland,MN,USA,89442,['America/Chicago'],M,(855)862-0107x20492,680-52-6196,Wers28,Wers28@NotaFakeCompany.com,xwatkins@yahoo.com,2018-03-31 00:00:00,,
31,31,Grant,Amanda,1991-09-29,147 Melissa Prairie,North Christine,LA,USA,82156,['America/Chicago'],F,001-201-998-0978x38738,067-73-6808,Aant31,Aant31@NotaFakeCompany.com,derekzavala@yahoo.com,2018-03-31 00:00:00,,
33,33,Perez,Brian,1974-01-02,4688 Moyer Valley Apt. 486,Lopezburgh,VI,USA,00929,['America/Puerto_Rico'],M,(673)377-5436x0872,582-78-2820,Brez33,Brez33@NotaFakeCompany.com,duncanrichard@hotmail.com,2018-03-31 00:00:00,,
37,37,Thomas,Candice,1999-01-25,83135 Thomas Estate Apt. 383,Robertmouth,DE,USA,96501,['America/New_York'],F,(735)653-4711x90617,362-48-5823,Cmas37,Cmas37@NotaFakeCompany.com,changnicolas@hotmail.com,2018-03-31 00:00:00,,
38,38,Silva,Gerald,1980-03-04,227 Davis Flats,Bennettville,NC,USA,57984,['America/New_York'],M,730.662.4641,075-49-8236,Glva38,Glva38@NotaFakeCompany.com,brandibutler@gmail.com,2018-03-31 00:00:00,,
41,41,Golden,Alex,2002-11-11,589 Mckinney Stream,New Rebecca,NH,USA,68320,['America/New_York'],M,(752)651-3860,414-09-8760,Aden41,Aden41@NotaFakeCompany.com,ygarcia@hotmail.com,2018-04-30 00:00:00,,
46,46,Freeman,Mark,1943-09-30,8555 Rickey Mission,Jenkinsstad,CT,USA,10885,['America/New_York'],M,(494)653-9929x921,346-82-8370,Mman46,Mman46@NotaFakeCompany.com,mjones@gmail.com,2018-04-30 00:00:00,,
47,47,Davis,Lisa,1918-08-19,826 Hannah Springs Apt. 795,Michellefort,HI,USA,39140,['Pacific/Honolulu'],F,+1-671-673-9964x45709,225-42-4611,Lvis47,Lvis47@NotaFakeCompany.com,rbanks@gmail.com,2018-04-30 00:00:00,,
49,49,Bender,Ashley,1928-01-13,6955 Kayla Trail,Lake Virginiabury,ID,USA,11561,America/Denver,F,925.690.9307,823-11-8605,Ader49,Ader49@NotaFakeCompany.com,cooperjames@yahoo.com,2018-05-31 00:00:00,,
52,52,Alexis,Dr.,1948-01-31,8361 James Vista,North Jacobbury,NE,USA,65183,America/Chicago,F,+1-424-685-8341,547-92-7446,Dxis52,Dxis52@NotaFakeCompany.com,kathryn79@hotmail.com,2018-06-30 00:00:00,,
53,53,Kelly,Lori,1967-10-29,588 Taylor Valleys Apt. 212,New Karen,MT,USA,19386,['America/Denver'],F,001-698-694-9948x23506,308-46-7053,Llly53,Llly53@NotaFakeCompany.com,brewerkyle@yahoo.com,2018-06-30 00:00:00,,
54,54,Vazquez,Karen,1992-11-22,12099 Nicole Land,Henryside,NM,USA,86375,['America/Denver'],F,597-911-9538x30583,182-61-5943,Kuez54,Kuez54@NotaFakeCompany.com,santiagojennifer@yahoo.com,2018-06-30 00:00:00,,
57,57,Pierce,Lauren,1951-07-27,683 Crystal Spurs,Danielton,UT,USA,56842,['America/Denver'],F,(431)509-1823,569-68-8705,Lrce57,Lrce57@NotaFakeCompany.com,crystalbradley@hotmail.com,2018-06-30 00:00:00,,
59,59,James,Maria,1943-10-21,16673 Ryan Hills,Eduardoberg,PA,USA,02752,['America/New_York'],F,904-980-4186x0345,286-77-1741,Mmes59,Mmes59@NotaFakeCompany.com,lindseywilliam@hotmail.com,2018-07-31 00:00:00,,
60,60,Taylor,Michael,2015-08-20,634 Carrie Rue Apt. 468,East Gary,OR,USA,75442,America/Los_Angeles,M,261-915-0509x091,201-39-2279,Mlor60,Mlor60@NotaFakeCompany.com,xweiss@yahoo.com,2018-07-31 00:00:00,,
62,62,Tate,Richard,1917-03-31,82689 Edwards Garden,Allenbury,MP,USA,38428,['Pacific/Guam'],M,(209)986-9364,708-59-3213,Rate62,Rate62@NotaFakeCompany.com,michaelwhite@hotmail.com,2018-07-31 00:00:00,,
63,63,Holmes,Kimberly,2007-06-24,25162 Haley Inlet,East Phillipfort,NJ,USA,76781,['America/New_York'],F,001-505-889-3918x270,611-05-5358,Kmes63,Kmes63@NotaFakeCompany.com,john29@yahoo.com,2018-07-31 00:00:00,,
64,64,Love,Lauren,1987-10-04,4904 Anthony Mall,North Danielbury,KY,USA,16801,America/Chicago,F,001-964-873-5143x849,718-41-2753,Love64,Love64@NotaFakeCompany.com,gordoncody@hotmail.com,2018-07-31 00:00:00,,
65,65,Shea,Richard,2008-09-18,742 Arroyo Street,West Stacy,VA,USA,38059,['America/New_York'],M,+1-574-468-0390,537-51-5769,Rhea65,Rhea65@NotaFakeCompany.com,tperez@hotmail.com,2018-07-31 00:00:00,,
66,66,Kelley,Mariah,1977-11-28,09160 Brooks Stravenue Suite 708,Jennifertown,VT,USA,08897,['America/New_York'],F,7326147152,775-48-8884,Mley66,Mley66@NotaFakeCompany.com,kennethhughes@yahoo.com,2018-07-31 00:00:00,,
67,67,Soto,Michelle,1982-09-15,06416 Garrett Turnpike,Fosterstad,UT,USA,22012,['America/Denver'],F,380-635-4839x03799,768-67-0982,Moto67,Moto67@NotaFakeCompany.com,jeremiahlewis@yahoo.com,2018-07-31 00:00:00,,
73,73,Johnson,Angela,1966-05-29,899 Hendrix Crescent,East Keith,MA,USA,48018,['America/New_York'],F,884.617.2473x252,470-86-2539,Ason73,Ason73@NotaFakeCompany.com,danielgardner@hotmail.com,2018-08-31 00:00:00,,
74,74,Patel,Keith,1990-04-16,373 Brett Gateway,West Karenland,MD,USA,00572,['America/New_York'],M,250-789-1403x84135,003-99-6684,Ktel74,Ktel74@NotaFakeCompany.com,michael32@hotmail.com,2018-08-31 00:00:00,,
75,75,Harris,Brandi,1988-07-02,9508 Robinson Forge Apt. 461,Johnstonton,UT,USA,83362,['America/Denver'],F,001-879-261-8027x94962,667-10-2311,Bris75,Bris75@NotaFakeCompany.com,anthony92@hotmail.com,2018-08-31 00:00:00,,
79,79,Dickerson,Vincent,2017-01-03,36447 Evan Cove,North Stephenfurt,PA,USA,80891,['America/New_York'],M,001-740-302-0935x10127,594-37-5952,Vson79,Vson79@NotaFakeCompany.com,tonimiller@gmail.com,2018-08-31 00:00:00,,
88,88,Cruz,Joseph,2000-07-17,7805 Clark Lodge,Davidbury,SD,USA,40577,America/Chicago,M,651.267.7375x9948,626-30-9621,Jruz88,Jruz88@NotaFakeCompany.com,stephanielandry@yahoo.com,2018-09-30 00:00:00,,
90,90,Arnold,Heidi,1972-07-25,978 Katie Shores,Butlerland,NM,USA,74735,['America/Denver'],F,766-896-5126x5852,894-87-2018,Hold90,Hold90@NotaFakeCompany.com,millerstephanie@hotmail.com,2018-09-30 00:00:00,,
91,91,Dunn,Erica,1994-06-02,811 Huber Rest,South Davidside,MO,USA,28841,['America/Chicago'],F,3968073016,579-09-6694,Eunn91,Eunn91@NotaFakeCompany.com,barrettabigail@hotmail.com,2018-09-30 00:00:00,,
93,93,Brandon,Mr.,1993-06-13,758 Pena Orchard,Lake Kevinmouth,VT,USA,40477,['America/New_York'],M,(308)456-5573x88667,152-98-9664,Mdon93,Mdon93@NotaFakeCompany.com,zmorrison@gmail.com,2018-09-30 00:00:00,,
94,94,Rowland,Tina,2003-10-23,862 Rivera Ports,North Andrea,NE,USA,25466,America/Chicago,F,211.324.2378x4515,041-74-2370,Tand94,Tand94@NotaFakeCompany.com,garciajames@gmail.com,2018-09-30 00:00:00,,
95,95,Conrad,Nancy,1987-08-17,84409 Ryan Parkway Suite 196,South Dorothy,AL,USA,47663,['America/Chicago'],F,9185721738,741-70-0535,Nrad95,Nrad95@NotaFakeCompany.com,maxwelljonathan@yahoo.com,2018-09-30 00:00:00,,
96,96,Carr,Tiffany,1989-03-27,669 Lori Ville,Brownberg,VI,USA,18696,['America/Puerto_Rico'],F,720.251.9781x05329,223-64-6215,Tarr96,Tarr96@NotaFakeCompany.com,jgomez@gmail.com,2018-09-30 00:00:00,,
97,97,Villarreal,Stephen,2021-08-07,8566 Kirsten Mall,Kristinaville,HI,USA,88673,['Pacific/Honolulu'],M,001-892-844-5555x5959,104-50-6135,Seal97,Seal97@NotaFakeCompany.com,christophervang@gmail.com,2018-09-30 00:00:00,,
98,98,Jackson,Isabella,1961-10-30,5916 Katherine Oval Apt. 827,Nelsonfurt,RI,USA,88959,['America/New_York'],F,001-580-442-7991x7772,461-85-8091,Ison98,Ison98@NotaFakeCompany.com,angela09@gmail.com,2018-10-31 00:00:00,,
102,102,Hughes,Mark,1953-03-27,540 Meyers Union,Terrystad,PA,USA,27951,['America/New_York'],M,516-330-3675,667-46-8010,Mhes102,Mhes102@NotaFakeCompany.com,figueroajustin@gmail.com,2018-10-31 00:00:00,,
103,103,Deleon,Cheryl,2021-11-25,9883 Brandon Springs,North Sarahland,AR,USA,30768,['America/Chicago'],F,943.445.6291x20682,254-39-7850,Ceon103,Ceon103@NotaFakeCompany.com,kellysnow@yahoo.com,2018-10-31 00:00:00,,
104,104,Nguyen,Carrie,1923-03-05,97659 Jamie Key Suite 643,East Edward,SD,USA,40051,America/Chicago,F,536-527-6559,312-41-8998,Cyen104,Cyen104@NotaFakeCompany.com,hendersonbarbara@gmail.com,2018-10-31 00:00:00,,
106,106,Moon,Kimberly,2014-07-06,9165 Laura Walks Apt. 691,Aaronport,AS,USA,41497,['Pacific/Samoa'],F,720.280.7774x9540,640-64-8299,Koon106,Koon106@NotaFakeCompany.com,webersteven@yahoo.com,2018-10-31 00:00:00,,
108,108,Blanchard,Luis,1971-03-18,346 Ryan Tunnel Suite 416,New Christopherfurt,MD,USA,91359,['America/New_York'],M,(505)761-3576,294-18-3292,Lard108,Lard108@NotaFakeCompany.com,kzuniga@gmail.com,2018-11-30 00:00:00,,
111,111,Montoya,Elizabeth,1940-10-30,9127 Trevino Isle,Hunterview,MA,USA,38315,['America/New_York'],F,001-258-563-1113x6100,641-05-9156,Eoya111,Eoya111@NotaFakeCompany.com,jennifer55@gmail.com,2018-11-30 00:00:00,,
113,113,Valdez,Matthew,1938-03-16,270 Walker Brooks,Jonesland,MT,USA,60521,['America/Denver'],M,+1-866-221-8844x432,775-34-8332,Mdez113,Mdez113@NotaFakeCompany.com,monica05@hotmail.com,2018-11-30 00:00:00,,
114,114,Schmidt,Michael,1951-08-09,744 Sandra Skyway Suite 717,New Keithbury,ID,USA,66743,America/Denver,M,330.409.0181x4903,146-08-5334,Midt114,Midt114@NotaFakeCompany.com,sandersjacob@yahoo.com,2018-11-30 00:00:00,,
115,115,Shaw,Gregory,1979-05-05,986 Carl Lights,Lopezstad,TN,USA,66460,America/Chicago,M,+1-858-687-6485x35402,469-75-5202,Ghaw115,Ghaw115@NotaFakeCompany.com,laurawilliams@gmail.com,2018-11-30 00:00:00,,
119,119,Foster,Peter,1997-12-16,974 Marks Heights Apt. 058,West Frankstad,PA,USA,83885,['America/New_York'],M,915-679-0546,071-62-4435,Pter119,Pter119@NotaFakeCompany.com,hendrixyvonne@gmail.com,2018-12-31 00:00:00,,
120,120,Harris,Elizabeth,1930-05-22,761 Stevenson Spur Apt. 969,Leeburgh,NY,USA,74285,['America/New_York'],F,551.672.8711x84840,699-66-4304,Eris120,Eris120@NotaFakeCompany.com,millererin@gmail.com,2018-12-31 00:00:00,,
121,121,Harris,Michael,1924-01-05,070 Stevens Mountains,New Alanchester,MI,USA,64005,America/New_York,M,596-334-4826x19063,770-91-1948,Mris121,Mris121@NotaFakeCompany.com,youngnicholas@yahoo.com,2018-12-31 00:00:00,,
122,122,Bridges,Megan,2008-05-23,0758 Amanda Trail Suite 628,Port Zacharymouth,AS,USA,58827,['Pacific/Samoa'],F,+1-959-619-2805x99436,876-60-8218,Mges122,Mges122@NotaFakeCompany.com,aallen@gmail.com,2018-12-31 00:00:00,,
124,124,Beth,Ms.,2021-07-29,0085 Laura Cove,Wilsonchester,IN,USA,28252,America/Chicago,F,001-913-714-5614x74358,532-57-4019,Meth124,Meth124@NotaFakeCompany.com,scummings@gmail.com,2018-12-31 00:00:00,,
125,125,Chapman,Marvin,1987-05-25,78795 Jamie Village Suite 938,Port Jill,ND,USA,56724,America/Boise,M,+1-832-877-2043x421,826-51-0330,Mman125,Mman125@NotaFakeCompany.com,msmith@hotmail.com,2019-01-31 00:00:00,,
127,127,Nolan,Christopher,1979-01-24,33957 Gardner Villages Apt. 821,Amyland,ME,USA,27206,['America/New_York'],M,490.876.0971x40389,526-28-5808,Clan127,Clan127@NotaFakeCompany.com,tliu@yahoo.com,2019-01-31 00:00:00,,
129,129,Lopez,Howard,1909-10-06,13439 Anthony Mills,Troybury,RI,USA,35347,['America/New_York'],M,675-556-5054,365-36-3187,Hpez129,Hpez129@NotaFakeCompany.com,mharris@gmail.com,2019-03-31 00:00:00,,
130,130,Meyer,Neil,1993-06-15,7605 Brown Light,Austinbury,NC,USA,76695,['America/New_York'],M,845.298.3990x467,115-11-3911,Nyer130,Nyer130@NotaFakeCompany.com,elizabeth53@gmail.com,2019-03-31 00:00:00,,
131,131,Walker,Nicholas,1985-02-23,42002 Daniel Mission,Garciachester,PA,USA,96874,['America/New_York'],M,(501)200-3717,240-13-5498,Nker131,Nker131@NotaFakeCompany.com,jason23@yahoo.com,2019-03-31 00:00:00,,
132,132,Silva,David,1913-07-02,303 Michael Fork Apt. 517,Edwardsport,NE,USA,10538,America/Chicago,M,371-966-4340,311-23-0602,Dlva132,Dlva132@NotaFakeCompany.com,dylan88@yahoo.com,2019-03-31 00:00:00,,
133,133,Bass,Kelly,2009-12-15,267 Jimenez Turnpike,Jamesfurt,TX,USA,49381,America/Chicago,F,728.635.4893,592-16-6023,Kass133,Kass133@NotaFakeCompany.com,matthewbrown@hotmail.com,2019-03-31 00:00:00,,
137,137,Gomez,Steve,1944-07-24,3160 Jamie Oval Apt. 778,East Taylorville,NM,USA,80984,['America/Denver'],M,748-387-7706x5025,257-14-7186,Smez137,Smez137@NotaFakeCompany.com,carriewilson@hotmail.com,2019-03-31 00:00:00,,
139,139,Nunez,Marcus,1970-11-04,59719 Watts Square,Simpsonside,ME,USA,64949,['America/New_York'],M,+1-895-603-6050x0380,138-14-4279,Mnez139,Mnez139@NotaFakeCompany.com,karenlester@yahoo.com,2019-03-31 00:00:00,,
142,142,Corey,Mr.,1965-08-12,216 Weber Track,Alexanderland,MA,USA,96984,['America/New_York'],M,(328)788-8179x3301,042-44-3897,Mrey142,Mrey142@NotaFakeCompany.com,mario30@hotmail.com,2019-03-31 00:00:00,,
145,145,Guerrero,William,1997-07-28,2951 Shawn Divide Apt. 156,Karentown,ND,USA,02311,America/Boise,M,328-782-5556x642,631-79-4118,Wero145,Wero145@NotaFakeCompany.com,hernandezbrandon@gmail.com,2019-04-30 00:00:00,,
146,146,Whitney,Willie,1917-01-03,240 Jack Streets Apt. 034,Lake Morganfurt,PA,USA,82547,['America/New_York'],M,784-219-9190x8680,575-24-3100,Wney146,Wney146@NotaFakeCompany.com,vpotts@gmail.com,2019-04-30 00:00:00,,
147,147,Acosta,Kathleen,1979-08-07,52505 Obrien Island,Christopherberg,SD,USA,38880,America/Chicago,F,+1-612-810-6104x494,444-12-1044,Ksta147,Ksta147@NotaFakeCompany.com,trodgers@gmail.com,2019-05-31 00:00:00,,
148,148,Hurst,Daniel,1923-01-16,3642 Parks Square,East Richard,CO,USA,31680,['America/Denver'],M,+1-908-303-6624x447,400-25-9428,Drst148,Drst148@NotaFakeCompany.com,susannichols@hotmail.com,2019-05-31 00:00:00,,
149,149,Hart,Beth,1979-10-06,653 Charles Village,Webershire,MN,USA,34597,['America/Chicago'],F,709-926-1890x086,659-87-7422,Bart149,Bart149@NotaFakeCompany.com,anne21@gmail.com,2019-05-31 00:00:00,,
150,150,Silva,Sara,1994-05-09,6122 John Crossing Apt. 876,Justinhaven,IN,USA,73067,America/Chicago,F,658-298-3669x7839,488-94-2894,Slva150,Slva150@NotaFakeCompany.com,jerry53@hotmail.com,2019-05-31 00:00:00,,
151,151,Webster,John,1923-11-26,7718 Jonathan Valley,Samuelmouth,MD,USA,37619,['America/New_York'],M,816.788.5318x8043,138-80-6651,Jter151,Jter151@NotaFakeCompany.com,martinmegan@hotmail.com,2019-05-31 00:00:00,,
152,152,Hayes,Alejandro,1983-11-26,1177 Roger Village Suite 512,Lake Edwardshire,MA,USA,71496,['America/New_York'],M,883.327.8788,394-66-5498,Ayes152,Ayes152@NotaFakeCompany.com,curtis01@yahoo.com,2019-05-31 00:00:00,,
154,154,Taylor,Julie,1967-10-26,356 Brooks Valley Suite 194,Lake Stacy,WV,USA,89354,['America/New_York'],F,226-619-6664x32679,215-07-0537,Jlor154,Jlor154@NotaFakeCompany.com,lserrano@hotmail.com,2019-05-31 00:00:00,,
155,155,Barr,Brandon,1942-07-30,81919 Patricia Mission Apt. 241,West Natashaland,ND,USA,07215,America/Boise,M,405-346-3468x93118,553-64-2805,Barr155,Barr155@NotaFakeCompany.com,xbrown@gmail.com,2019-05-31 00:00:00,,
156,156,Johnson,Natalie,1989-04-05,3886 Myers Forest,West Carriefurt,NH,USA,10300,['America/New_York'],F,762-755-4003,667-49-4547,Nson156,Nson156@NotaFakeCompany.com,kelly02@yahoo.com,2019-05-31 00:00:00,,
158,158,Gutierrez,Joseph,1920-09-06,162 Guerrero Cliffs,East Erica,IA,USA,97604,['America/Chicago'],M,(390)251-4338x79058,596-81-0824,Jrez158,Jrez158@NotaFakeCompany.com,davidjordan@gmail.com,2019-07-31 00:00:00,,
159,159,Ortiz,Tiffany,1982-07-05,85955 Ross Hill Apt. 278,Port Leah,AK,USA,18101,America/Anchorage,F,+1-408-560-8470x0620,589-21-6514,Ttiz159,Ttiz159@NotaFakeCompany.com,xmartinez@hotmail.com,2019-07-31 00:00:00,,
161,161,Phillips,Laura,2011-05-27,2620 Arroyo Flats,Lake Beth,AS,USA,89353,['Pacific/Samoa'],F,+1-254-673-6237x45221,592-21-1388,Lips161,Lips161@NotaFakeCompany.com,joshua84@yahoo.com,2019-07-31 00:00:00,,
162,162,Fernandez,Jeffrey,1973-07-06,05199 Autumn Wells Apt. 661,Miguelbury,MD,USA,59104,['America/New_York'],M,3689198465,751-95-4538,Jdez162,Jdez162@NotaFakeCompany.com,amywalker@yahoo.com,2019-07-31 00:00:00,,
163,163,Hernandez,Danielle,2012-09-22,67776 Walker Skyway Apt. 465,Arnoldmouth,OK,USA,55005,['America/Chicago'],F,+1-603-359-1017x4139,409-12-8694,Ddez163,Ddez163@NotaFakeCompany.com,christian24@yahoo.com,2019-07-31 00:00:00,,
164,164,Rogers,Katherine,1930-07-13,085 Ray Station Suite 505,West Shane,PR,USA,50947,['America/Puerto_Rico'],F,(262)525-3289x145,511-79-6798,Kers164,Kers164@NotaFakeCompany.com,laurennguyen@hotmail.com,2019-07-31 00:00:00,,
165,165,Gray,Deborah,1990-08-17,370 Mcdaniel Parkway,South Alexchester,NY,USA,42381,['America/New_York'],F,(325)857-2048x0023,678-91-8911,Dray165,Dray165@NotaFakeCompany.com,mpadilla@yahoo.com,2019-07-31 00:00:00,,
166,166,Mora,Margaret,1918-07-20,320 Hester Bypass,Josephstad,KY,USA,04112,America/Chicago,F,835-228-3023x19609,848-79-1149,Mora166,Mora166@NotaFakeCompany.com,erica03@yahoo.com,2019-07-31 00:00:00,,
167,167,Pittman,Casey,1955-08-12,57769 James Stream Apt. 400,Port Heather,FL,USA,81138,America/New_York,M,714-500-8350,207-54-1594,Cman167,Cman167@NotaFakeCompany.com,dfoster@hotmail.com,2019-07-31 00:00:00,,
170,170,Payne,Lindsay,1916-08-23,569 King Garden,Port Stephenchester,AR,USA,13550,['America/Chicago'],F,001-925-657-4765,815-54-3251,Lyne170,Lyne170@NotaFakeCompany.com,xbauer@yahoo.com,2019-07-31 00:00:00,,
173,173,Price,Jason,1964-09-15,05104 Wade Forest Apt. 010,New Arthurchester,TN,USA,77812,America/Chicago,M,2833934711,159-43-0116,Jice173,Jice173@NotaFakeCompany.com,fbauer@gmail.com,2019-08-31 00:00:00,,
174,174,Rodriguez,Amy,1990-05-10,72519 Bradley Fort,Cherylhaven,MO,USA,86649,['America/Chicago'],F,(760)892-0828,306-06-6873,Auez174,Auez174@NotaFakeCompany.com,ehansen@gmail.com,2019-08-31 00:00:00,,
177,177,Contreras,Terry,2012-07-16,09475 Kristin Fords Apt. 306,New Brad,MT,USA,63612,['America/Denver'],M,001-671-591-8855x028,657-94-7898,Tras177,Tras177@NotaFakeCompany.com,pmccall@gmail.com,2019-08-31 00:00:00,,
178,178,Knapp,Erik,1999-06-27,5233 Kennedy Summit Suite 714,Lisamouth,WV,USA,43254,['America/New_York'],M,+1-815-276-7928x0102,567-13-8792,Eapp178,Eapp178@NotaFakeCompany.com,pachecobrent@gmail.com,2019-08-31 00:00:00,,
181,181,Ramsey,Michael,1920-04-06,84626 Perez Common Apt. 952,Emilyfurt,CT,USA,43559,['America/New_York'],M,001-345-381-2219x6596,641-34-1553,Msey181,Msey181@NotaFakeCompany.com,amandafrye@hotmail.com,2019-08-31 00:00:00,,
183,183,Rogers,Sheila,1916-07-28,071 Estes Extensions Apt. 539,West Donnamouth,ND,USA,56423,America/Boise,F,(663)657-7882,034-73-4024,Sers183,Sers183@NotaFakeCompany.com,rryan@hotmail.com,2019-09-30 00:00:00,,
184,184,Logan,Grace,1946-10-14,7396 Bray Drives Suite 176,Port Nicole,SD,USA,21210,America/Chicago,F,(919)834-0907x427,693-54-5445,Ggan184,Ggan184@NotaFakeCompany.com,perezrobert@yahoo.com,2019-09-30 00:00:00,,
185,185,Rush,John,1914-03-31,66885 Lee Parkways Suite 020,New Amanda,NC,USA,21798,['America/New_York'],M,758-799-2115x10449,480-75-8971,Jush185,Jush185@NotaFakeCompany.com,carriebailey@yahoo.com,2019-09-30 00:00:00,,
187,187,Hayes,Jose,2017-08-04,616 Cook Plaza,Christophermouth,KS,USA,48503,America/Chicago,M,206-335-6467,133-33-5493,Jyes187,Jyes187@NotaFakeCompany.com,brightsandra@yahoo.com,2019-10-31 00:00:00,,
190,190,Rivera,Katrina,1911-04-22,5158 Newman Roads,Tiffanyhaven,GU,USA,82217,['Pacific/Guam'],F,(517)820-8879x4971,377-97-9224,Kera190,Kera190@NotaFakeCompany.com,dtrevino@yahoo.com,2019-11-30 00:00:00,,
191,191,Velez,Robert,2018-02-16,2164 Christina Place Suite 557,Nathanhaven,SD,USA,62018,America/Chicago,M,001-505-498-3902x2653,452-73-7207,Rlez191,Rlez191@NotaFakeCompany.com,vdiaz@yahoo.com,2019-11-30 00:00:00,,
193,193,Krause,Carrie,1957-01-16,838 Natalie Rest Apt. 877,West Lindsayton,NE,USA,74986,America/Chicago,F,+1-514-632-8319x85855,167-33-9279,Cuse193,Cuse193@NotaFakeCompany.com,manntanya@yahoo.com,2019-11-30 00:00:00,,
195,195,Cooper,Brian,1908-03-03,85374 Miller Road Apt. 453,Erinberg,MS,USA,64455,['America/Chicago'],M,223-269-0809x7283,649-75-7828,Bper195,Bper195@NotaFakeCompany.com,kimlara@yahoo.com,2019-11-30 00:00:00,,
197,197,Logan,Curtis,1947-12-01,545 Lisa Wells Suite 085,East Rebecca,FL,USA,79351,America/New_York,M,(867)255-1578x5474,190-69-7112,Cgan197,Cgan197@NotaFakeCompany.com,ggriffith@hotmail.com,2019-12-31 00:00:00,,
198,198,Haynes,Christina,1909-07-07,728 Nunez Way,Mariaborough,WA,USA,81811,['America/Los_Angeles'],F,001-572-847-4542x44985,125-32-6985,Cnes198,Cnes198@NotaFakeCompany.com,alicia70@hotmail.com,2019-12-31 00:00:00,,
199,199,Liu,Kimberly,1980-05-27,591 Heather Spur Apt. 416,Davidburgh,GU,USA,01932,['Pacific/Guam'],F,5982184708,179-22-2508,KLiu199,KLiu199@NotaFakeCompany.com,cherrera@yahoo.com,2019-12-31 00:00:00,,
201,201,Chavez,William,2007-08-05,68458 Mcgee Square,New Ashleyberg,TN,USA,87086,America/Chicago,M,(210)952-4514x439,090-41-5012,Wvez201,Wvez201@NotaFakeCompany.com,shelby22@yahoo.com,2019-12-31 00:00:00,,
203,203,Cobb,Adrienne,1976-06-25,9539 Casey Shoals Suite 839,New Karenton,AL,USA,80463,['America/Chicago'],F,789-387-0705,858-62-3182,Aobb203,Aobb203@NotaFakeCompany.com,wwilliams@yahoo.com,2019-12-31 00:00:00,,
204,204,Foster,Daniel,1997-07-15,4549 Manuel Summit Suite 920,Port Theresatown,MS,USA,58543,['America/Chicago'],M,691-682-1094,350-04-9439,Dter204,Dter204@NotaFakeCompany.com,kendra24@gmail.com,2019-12-31 00:00:00,,
205,205,Marsh,Michael,1964-05-21,92270 Anthony Glen Suite 147,South Thomas,MA,USA,28539,['America/New_York'],M,(292)462-2092,777-05-6748,Mrsh205,Mrsh205@NotaFakeCompany.com,xmoore@yahoo.com,2019-12-31 00:00:00,,
206,206,Kim,Richard,1949-04-23,18999 Brown Terrace,West Sarah,PR,USA,98808,['America/Puerto_Rico'],M,001-605-615-1925x34291,602-96-8787,RKim206,RKim206@NotaFakeCompany.com,thompsonnathaniel@hotmail.com,2019-12-31 00:00:00,,
209,209,Gibson,Randall,2007-02-25,293 Tara Crossroad Apt. 486,North Felicia,MO,USA,37189,['America/Chicago'],M,479.409.3915x69439,616-18-3467,Rson209,Rson209@NotaFakeCompany.com,shirley25@gmail.com,2019-12-31 00:00:00,,
210,210,Clarke,Kelly,1976-10-28,0011 Wright Dam,Port Jamieberg,MS,USA,14802,['America/Chicago'],F,001-439-396-4605x996,756-82-9569,Krke210,Krke210@NotaFakeCompany.com,markcastro@yahoo.com,2019-12-31 00:00:00,,
211,211,Harrison,Brooke,2006-01-19,57113 Todd Ridge Suite 272,Jenniferhaven,WV,USA,74837,['America/New_York'],F,(613)496-1891,241-43-1452,Bson211,Bson211@NotaFakeCompany.com,alyssaashley@gmail.com,2020-01-31 00:00:00,,
214,214,Hall,Maureen,1942-06-12,5660 Hernandez Rue Suite 610,Hansenhaven,OH,USA,63718,['America/New_York'],F,001-340-774-5430x39827,792-57-9754,Mall214,Mall214@NotaFakeCompany.com,nicholasclay@gmail.com,2020-01-31 00:00:00,,
215,215,Ashley,Mark,2019-01-20,3759 Mary Alley Suite 713,South Luiston,VA,USA,31951,['America/New_York'],M,922-380-9709x81575,700-60-8883,Mley215,Mley215@NotaFakeCompany.com,salazarcorey@gmail.com,2020-02-29 00:00:00,,
216,216,Smith,Tracey,1965-03-27,824 Malone Spurs,East David,IL,USA,99871,['America/Chicago'],F,2075132186,091-85-6964,Tith216,Tith216@NotaFakeCompany.com,fitzpatricknicole@hotmail.com,2020-02-29 00:00:00,,
217,217,Olson,Robert,1942-06-03,8893 Erin Via Apt. 116,New Tracytown,RI,USA,29517,['America/New_York'],M,354-878-6129x72181,770-66-1216,Rson217,Rson217@NotaFakeCompany.com,kelleycandace@gmail.com,2020-02-29 00:00:00,,
221,221,Mercado,Billy,2021-05-12,188 Mercado Court Suite 508,North Kelly,SD,USA,92993,America/Chicago,M,957.610.8967,720-92-6195,Bado221,Bado221@NotaFakeCompany.com,john24@hotmail.com,2020-02-29 00:00:00,,
222,222,Lloyd,Laura,1913-01-04,263 Butler Pines,Brianstad,AS,USA,74749,['Pacific/Samoa'],F,5332124613,878-58-6211,Loyd222,Loyd222@NotaFakeCompany.com,johngill@yahoo.com,2020-02-29 00:00:00,,
223,223,Randy,Dr.,1922-04-30,23418 Michael Port Apt. 696,North Betty,NC,USA,55862,['America/New_York'],M,001-543-462-3382x934,876-32-4740,Dndy223,Dndy223@NotaFakeCompany.com,huberrobert@gmail.com,2020-02-29 00:00:00,,
224,224,Richmond,Martin,1970-09-21,6063 Davis Causeway Apt. 363,Port Carolton,OR,USA,74782,America/Los_Angeles,M,001-294-251-7979x024,066-31-4846,Mond224,Mond224@NotaFakeCompany.com,zperry@gmail.com,2020-02-29 00:00:00,,
225,225,Clayton,Wanda,1959-06-03,16113 Mark Fords,Katherinemouth,GU,USA,98127,['Pacific/Guam'],F,+1-641-493-9039x61429,153-16-5506,Wton225,Wton225@NotaFakeCompany.com,danielleanderson@hotmail.com,2020-02-29 00:00:00,,
226,226,Lewis,Lisa,1943-08-29,90649 Cox Burgs,Lake Theresa,FL,USA,41044,America/New_York,F,358.996.0811x4325,616-85-7740,Lwis226,Lwis226@NotaFakeCompany.com,yrivera@hotmail.com,2020-02-29 00:00:00,,
229,229,Barrett,James,1990-09-29,53860 Salas Mill,Zacharyhaven,KS,USA,16037,America/Chicago,M,941.645.3984x9863,315-08-2225,Jett229,Jett229@NotaFakeCompany.com,audrey62@yahoo.com,2020-03-31 00:00:00,,
230,230,Kim,Destiny,1926-03-13,8361 Alexandria Wall,West Jenniferberg,HI,USA,22767,['Pacific/Honolulu'],F,(514)659-9080x1217,428-93-5194,DKim230,DKim230@NotaFakeCompany.com,catherinemorrow@yahoo.com,2020-03-31 00:00:00,,
231,231,Flores,John,1926-09-07,5512 Williams Bridge Apt. 330,Lake Tina,HI,USA,63691,['Pacific/Honolulu'],M,+1-373-897-6674x55098,410-12-3202,Jres231,Jres231@NotaFakeCompany.com,donald47@gmail.com,2020-03-31 00:00:00,,
235,235,Hughes,Ashley,1945-10-21,728 Joseph Dam Apt. 485,West Kristenborough,NE,USA,31204,America/Chicago,F,001-709-668-4045x1841,695-47-2602,Ahes235,Ahes235@NotaFakeCompany.com,loriadams@yahoo.com,2020-03-31 00:00:00,,
236,236,Hill,Joshua,2020-07-18,4666 Farley Drive,Aliciabury,IN,USA,34543,America/Chicago,M,839.945.1309x1331,566-50-3408,Jill236,Jill236@NotaFakeCompany.com,barbara85@gmail.com,2020-03-31 00:00:00,,
238,238,Cox,Raymond,1979-03-16,3879 Julia Mall Suite 128,Madisonstad,TX,USA,79804,America/Chicago,M,+1-783-900-3086x4587,448-93-6579,RCox238,RCox238@NotaFakeCompany.com,rachel63@gmail.com,2020-03-31 00:00:00,,
239,239,Jensen,Mark,1940-06-07,999 Angela Pine Suite 279,Lake Elaine,AK,USA,66526,America/Anchorage,M,+1-856-687-8411x3127,847-88-2879,Msen239,Msen239@NotaFakeCompany.com,kbernard@hotmail.com,2020-04-30 00:00:00,,
240,240,Osborn,Kevin,2018-12-10,403 Dominguez Villages,Lauraland,MI,USA,72488,America/New_York,M,(862)570-1999,259-56-3075,Korn240,Korn240@NotaFakeCompany.com,piercejoshua@yahoo.com,2020-04-30 00:00:00,,
241,241,Gonzalez,Edward,1956-06-01,711 Miller Springs Apt. 939,North Ronaldmouth,NY,USA,60750,['America/New_York'],M,001-524-909-1694x5212,041-23-2909,Elez241,Elez241@NotaFakeCompany.com,andrew00@yahoo.com,2020-04-30 00:00:00,,
243,243,Walker,Lindsay,1954-02-24,392 Becker Overpass Suite 519,New Michael,OR,USA,56542,America/Los_Angeles,F,+1-878-479-7188x4905,664-72-9970,Lker243,Lker243@NotaFakeCompany.com,angelathomas@hotmail.com,2020-04-30 00:00:00,,
246,246,Dunn,Debbie,1913-07-17,860 Desiree Crossroad Apt. 820,Petersfurt,MD,USA,49583,['America/New_York'],F,+1-899-507-0958x14553,290-99-8948,Dunn246,Dunn246@NotaFakeCompany.com,jsimpson@gmail.com,2020-05-31 00:00:00,,
247,247,Alexander,Patrick,1932-08-11,682 Carolyn Plains,Sharonmouth,HI,USA,93668,['Pacific/Honolulu'],M,+1-265-307-0738x219,024-87-9632,Pder247,Pder247@NotaFakeCompany.com,millerbriana@gmail.com,2020-05-31 00:00:00,,
248,248,Potter,Meagan,2000-09-04,6636 Reynolds Street Suite 014,North Jose,SC,USA,99716,['America/New_York'],F,333.228.8379,508-06-5434,Mter248,Mter248@NotaFakeCompany.com,howardjoshua@hotmail.com,2020-05-31 00:00:00,,
249,249,Michael,Morgan,1988-04-20,712 Jonathan Drive Apt. 740,Port Johnborough,MP,USA,05356,['Pacific/Guam'],F,(243)906-8434x03637,035-88-9335,Mael249,Mael249@NotaFakeCompany.com,elivingston@yahoo.com,2020-05-31 00:00:00,,
250,250,Coleman,Jason,1954-06-03,30725 Wolf Lodge Apt. 442,Sawyerfurt,SD,USA,45901,America/Chicago,M,955-368-2487,548-48-8261,Jman250,Jman250@NotaFakeCompany.com,lisapotts@hotmail.com,2020-05-31 00:00:00,,
251,251,Jones,Michael,2013-02-16,325 Adrienne Villages,Caseymouth,HI,USA,91942,['Pacific/Honolulu'],M,+1-731-268-9121x688,819-85-7539,Mnes251,Mnes251@NotaFakeCompany.com,vegamelanie@hotmail.com,2020-05-31 00:00:00,,
252,252,Martinez,April,1956-02-07,0968 Underwood Motorway,Wallacetown,MS,USA,95754,['America/Chicago'],F,(300)527-2437,828-26-0196,Anez252,Anez252@NotaFakeCompany.com,vjohnson@gmail.com,2020-05-31 00:00:00,,
253,253,Coleman,Rebecca,2022-08-15,8031 Rasmussen Camp,Port Michaela,GU,USA,70764,['Pacific/Guam'],F,(462)545-1729x7962,893-69-4908,Rman253,Rman253@NotaFakeCompany.com,gjohnson@yahoo.com,2020-06-30 00:00:00,,
254,254,Thomas,Katrina,1933-05-18,5054 Matthews Lakes,Petersonburgh,WA,USA,08448,['America/Los_Angeles'],F,795.814.9525x88269,811-49-5834,Kmas254,Kmas254@NotaFakeCompany.com,jesse51@hotmail.com,2020-06-30 00:00:00,,
256,256,Gillespie,Christopher,1981-01-10,770 Donald Crescent Apt. 288,Juliehaven,WA,USA,98072,['America/Los_Angeles'],M,(948)712-9163x290,806-82-1037,Cpie256,Cpie256@NotaFakeCompany.com,zwoods@hotmail.com,2020-06-30 00:00:00,,
257,257,Farrell,Dominic,1941-04-08,78196 White Locks,Port Steven,KY,USA,02871,America/Chicago,M,312-954-4357,338-02-7223,Dell257,Dell257@NotaFakeCompany.com,sawyerjoshua@yahoo.com,2020-06-30 00:00:00,,
259,259,Turner,Bryan,1974-08-03,05583 Brandon Street Suite 495,North Brittany,ID,USA,89536,America/Denver,M,+1-568-502-3862x298,641-59-7414,Bner259,Bner259@NotaFakeCompany.com,dtanner@hotmail.com,2020-06-30 00:00:00,,
261,261,Scott,Stephanie,2007-02-24,4950 Griffith Path,East Loritown,WI,USA,87850,['America/Chicago'],F,(458)685-6813,441-23-6365,Sott261,Sott261@NotaFakeCompany.com,kimshannon@hotmail.com,2020-06-30 00:00:00,,
262,262,Burke,Kimberly,1932-07-09,1445 Todd Rapid,Lake Jacobside,VI,USA,80292,['America/Puerto_Rico'],F,695.478.5895,618-67-5317,Krke262,Krke262@NotaFakeCompany.com,ubrown@gmail.com,2020-06-30 00:00:00,,
263,263,Collins,Michael,1942-11-07,45668 Alvarado Viaduct,North Edward,NC,USA,03630,['America/New_York'],M,+1-409-525-9783x49917,389-81-6819,Mins263,Mins263@NotaFakeCompany.com,dcarter@yahoo.com,2020-06-30 00:00:00,,
265,265,Taylor,Megan,1976-03-07,201 Cynthia Junction,East David,AR,USA,32894,['America/Chicago'],F,001-432-234-8970,305-48-3323,Mlor265,Mlor265@NotaFakeCompany.com,kleinashley@gmail.com,2020-06-30 00:00:00,,
270,270,Taylor,Charles,1938-11-29,09843 Davila Landing,North Samuelbury,NC,USA,37224,['America/New_York'],M,341-397-1300,354-26-2088,Clor270,Clor270@NotaFakeCompany.com,matthewcochran@yahoo.com,2020-07-31 00:00:00,,
271,271,Owens,Andrew,1971-08-30,23107 Clark Stream Suite 338,East Matthew,CT,USA,16984,['America/New_York'],M,+1-594-564-7141x96039,674-72-0674,Aens271,Aens271@NotaFakeCompany.com,colleencarey@gmail.com,2020-07-31 00:00:00,,
272,272,Foster,Colin,1986-01-31,13196 Julie Union,Teresamouth,IL,USA,95918,['America/Chicago'],M,001-893-428-9705x0382,300-64-3382,Cter272,Cter272@NotaFakeCompany.com,abigail30@yahoo.com,2020-07-31 00:00:00,,
273,273,Padilla,Katie,2007-08-20,764 Gail Loaf Suite 771,Nguyenton,MA,USA,48650,['America/New_York'],F,+1-725-306-6391,076-66-1927,Klla273,Klla273@NotaFakeCompany.com,chapmankatelyn@yahoo.com,2020-07-31 00:00:00,,
274,274,Davis,Andres,1928-11-11,13187 Wiley Branch Suite 862,North Shellyport,TX,USA,48508,America/Chicago,M,+1-403-783-9249,438-29-3673,Avis274,Avis274@NotaFakeCompany.com,christopherjones@yahoo.com,2020-07-31 00:00:00,,
276,276,Price,Anthony,1969-09-26,20556 Leon Radial Suite 461,Crawfordview,VI,USA,35128,['America/Puerto_Rico'],M,654.658.6133x72903,008-93-9158,Aice276,Aice276@NotaFakeCompany.com,richard21@gmail.com,2020-07-31 00:00:00,,
277,277,Michael,Mr.,2004-10-09,8900 Randall Way Apt. 822,Nancyshire,NH,USA,76313,['America/New_York'],M,+1-627-299-6371x1978,488-60-7452,Mael277,Mael277@NotaFakeCompany.com,sarapittman@yahoo.com,2020-07-31 00:00:00,,
278,278,Campbell,Ashley,1982-11-13,55070 Mark Street,South Angel,KY,USA,59937,America/Chicago,F,902.453.8215,264-31-1781,Aell278,Aell278@NotaFakeCompany.com,maria37@yahoo.com,2020-07-31 00:00:00,,
279,279,Wells,Breanna,1942-11-20,49150 Daniel Key Apt. 918,Benjaminchester,OK,USA,15046,['America/Chicago'],F,001-737-401-0477x22268,313-90-3896,Blls279,Blls279@NotaFakeCompany.com,ytaylor@gmail.com,2020-07-31 00:00:00,,
282,282,Barber,Christy,2004-05-07,0732 Martin Motorway,East Johnnymouth,OR,USA,83861,America/Los_Angeles,F,(618)643-8369x707,321-59-1510,Cber282,Cber282@NotaFakeCompany.com,david73@yahoo.com,2020-08-31 00:00:00,,
283,283,Garcia,Pamela,1986-12-30,148 Erika Crest Apt. 075,Collinsside,MS,USA,62916,['America/Chicago'],F,486-798-7852,785-70-3994,Pcia283,Pcia283@NotaFakeCompany.com,thuerta@yahoo.com,2020-08-31 00:00:00,,
284,284,Mendez,Brian,2013-10-26,804 Amanda Glens,Lake Nicole,NV,USA,51271,America/Los_Angeles,M,792.741.5392x15153,795-72-5266,Bdez284,Bdez284@NotaFakeCompany.com,daniel57@gmail.com,2020-09-30 00:00:00,,
285,285,Ramirez,Michael,2001-09-25,58774 Morse Ford,Dillonmouth,MD,USA,57781,['America/New_York'],M,+1-676-272-6879,535-62-6215,Mrez285,Mrez285@NotaFakeCompany.com,djones@gmail.com,2020-09-30 00:00:00,,
286,286,Garcia,Curtis,1943-04-09,742 Charles Fords,Parkerland,VI,USA,88633,['America/Puerto_Rico'],M,959-632-6659,794-26-8005,Ccia286,Ccia286@NotaFakeCompany.com,lisa49@yahoo.com,2020-09-30 00:00:00,,
288,288,Armstrong,Isaac,2009-12-20,15380 Wade Crescent Suite 938,East Michelleland,IN,USA,59788,America/Chicago,M,536-544-1969x2013,638-96-2621,Iong288,Iong288@NotaFakeCompany.com,williamshannon@gmail.com,2020-09-30 00:00:00,,
289,289,Daugherty,Steven,1964-10-25,533 Sharon Vista,Baileyhaven,IA,USA,87745,['America/Chicago'],M,726-237-7839,738-16-1087,Srty289,Srty289@NotaFakeCompany.com,medinanicholas@hotmail.com,2020-09-30 00:00:00,,
290,290,Moyer,Margaret,1944-04-19,52151 Brittany Club,Millsville,GU,USA,33446,['Pacific/Guam'],F,(477)902-1455x9882,097-37-2674,Myer290,Myer290@NotaFakeCompany.com,wallacesheila@yahoo.com,2020-10-31 00:00:00,,
291,291,White,Don,1995-06-20,09480 Jennifer Villages,Chelseystad,SC,USA,88501,['America/New_York'],M,259.577.9880,236-89-3645,Dite291,Dite291@NotaFakeCompany.com,sgillespie@yahoo.com,2020-10-31 00:00:00,,
292,292,Rivera,Stacy,1924-04-15,60587 Anderson Views,Keithfort,MA,USA,38266,['America/New_York'],F,830.545.2572,424-19-0673,Sera292,Sera292@NotaFakeCompany.com,susan77@hotmail.com,2020-10-31 00:00:00,,
293,293,Mitchell,Mary,2007-12-18,15088 White Fort Apt. 095,Lake Danielleshire,OR,USA,75247,America/Los_Angeles,F,446.857.9257x66884,155-62-8282,Mell293,Mell293@NotaFakeCompany.com,ipatton@hotmail.com,2020-10-31 00:00:00,,
294,294,Stone,Julie,1945-01-09,4234 Holland Haven Apt. 205,South John,GA,USA,11607,['America/New_York'],F,(631)597-5649x5282,157-93-5138,Jone294,Jone294@NotaFakeCompany.com,amandamahoney@yahoo.com,2020-10-31 00:00:00,,
298,298,Gray,Brent,1962-06-14,6493 Nicholas Brooks Suite 034,Kathleenfurt,CA,USA,19804,['America/Los_Angeles'],M,001-364-223-0678x76250,066-77-6759,Bray298,Bray298@NotaFakeCompany.com,michaeljohnson@yahoo.com,2020-10-31 00:00:00,,
300,300,Huffman,Christopher,1936-04-21,285 Cox Prairie Suite 720,Martinezland,GA,USA,04742,['America/New_York'],M,(773)858-7314x7950,422-71-3977,Cman300,Cman300@NotaFakeCompany.com,angelawilliams@hotmail.com,2020-10-31 00:00:00,,
301,301,Thompson,James,1960-06-12,124 Carroll Road Suite 067,Walkershire,MN,USA,95944,['America/Chicago'],M,240-899-7140x6770,415-34-2410,Json301,Json301@NotaFakeCompany.com,jodyhill@gmail.com,2020-10-31 00:00:00,,
302,302,Snow,Ricky,1920-07-19,290 Mitchell Mall Suite 746,Francischester,TX,USA,54589,America/Chicago,M,832-746-4444,231-82-4459,Rnow302,Rnow302@NotaFakeCompany.com,smithrebecca@gmail.com,2020-10-31 00:00:00,,
303,303,Khan,Garrett,1970-04-17,1782 Susan Track Apt. 597,Robertland,DE,USA,08821,['America/New_York'],M,975-858-7605x737,595-93-3960,Ghan303,Ghan303@NotaFakeCompany.com,daniellemonroe@hotmail.com,2020-10-31 00:00:00,,
304,304,Price,Ryan,2003-08-14,6547 Christensen Flats Suite 810,East Donald,OH,USA,03093,['America/New_York'],M,233-910-2429x108,142-17-2397,Rice304,Rice304@NotaFakeCompany.com,melissa63@yahoo.com,2020-10-31 00:00:00,,
305,305,Morrison,Patrick,1937-11-27,04307 Montgomery Forge Suite 344,Port Scottborough,DE,USA,80444,['America/New_York'],M,+1-888-320-9358x359,351-56-1804,Pson305,Pson305@NotaFakeCompany.com,murphymatthew@gmail.com,2020-10-31 00:00:00,,
306,306,Valdez,Jerry,1977-11-11,5398 Sarah Course,New Blakeburgh,ID,USA,07706,America/Denver,M,001-818-499-7477x590,033-87-1126,Jdez306,Jdez306@NotaFakeCompany.com,kwoods@yahoo.com,2020-10-31 00:00:00,,
307,307,Howard,Ashley,2020-02-22,966 Kathy Throughway Suite 759,Lake William,NM,USA,29793,['America/Denver'],F,001-779-471-8758,879-31-4945,Aard307,Aard307@NotaFakeCompany.com,debra49@yahoo.com,2020-10-31 00:00:00,,
308,308,Russell,Eric,1987-11-15,736 Holden Rest Suite 364,South Juliashire,PR,USA,60621,['America/Puerto_Rico'],M,918.720.8028x67330,638-01-3514,Eell308,Eell308@NotaFakeCompany.com,clarkeyvonne@yahoo.com,2020-11-30 00:00:00,,
309,309,Jones,Melissa,1935-03-13,4603 Davis Cliff,Jaimefort,MI,USA,07151,America/New_York,F,(934)862-4694x57053,440-01-5230,Mnes309,Mnes309@NotaFakeCompany.com,qlewis@gmail.com,2020-11-30 00:00:00,,
311,311,Chapman,Mary,1982-02-27,303 Michele Freeway Suite 451,Port Nicholasview,AL,USA,94992,['America/Chicago'],F,657-748-4758x33473,575-48-8958,Mman311,Mman311@NotaFakeCompany.com,oparker@hotmail.com,2020-11-30 00:00:00,,
314,314,Morrison,William,1934-05-04,965 Jill Unions Apt. 887,Wrightstad,MO,USA,25823,['America/Chicago'],M,769-320-6256,409-42-3155,Wson314,Wson314@NotaFakeCompany.com,brittanyweaver@gmail.com,2020-11-30 00:00:00,,
315,315,Proctor,Stacey,2010-10-21,166 Adams Glens Suite 682,Port Susanland,HI,USA,42238,['Pacific/Honolulu'],F,(230)590-5754x21389,382-83-8541,Stor315,Stor315@NotaFakeCompany.com,urodriguez@hotmail.com,2020-11-30 00:00:00,,
316,316,Suarez,Casey,1911-09-28,018 Nicole Inlet,North Frank,MI,USA,05016,America/New_York,F,9847103139,092-09-0220,Crez316,Crez316@NotaFakeCompany.com,qyork@yahoo.com,2020-11-30 00:00:00,,
318,318,Hernandez,Kathryn,1949-12-19,764 Chelsea Brooks Suite 516,Craigmouth,CO,USA,26180,['America/Denver'],F,+1-913-255-3487x8714,788-48-4499,Kdez318,Kdez318@NotaFakeCompany.com,whitney07@hotmail.com,2020-11-30 00:00:00,,
319,319,Deleon,Jason,1918-09-18,768 Singh Estates,South Marcustown,IN,USA,26350,America/Chicago,M,+1-303-893-1465x55954,514-26-4759,Jeon319,Jeon319@NotaFakeCompany.com,amandadorsey@hotmail.com,2020-11-30 00:00:00,,
320,320,Doyle,Julie,2005-01-07,996 Ramos Orchard,Port Aprilside,TX,USA,74587,America/Chicago,F,282-889-5231,494-16-8409,Jyle320,Jyle320@NotaFakeCompany.com,william96@yahoo.com,2020-11-30 00:00:00,,
322,322,Charles,Dr.,1953-01-03,3367 Wood Lock Apt. 471,Brandontown,WA,USA,79860,['America/Los_Angeles'],M,+1-298-801-8845x8430,227-54-5373,Dles322,Dles322@NotaFakeCompany.com,cobbmelissa@gmail.com,2020-11-30 00:00:00,,
323,323,Perry,Rachel,2011-06-04,9423 Carr Bypass,Atkinsonburgh,MS,USA,10454,['America/Chicago'],F,001-350-904-8511x2021,749-83-1526,Rrry323,Rrry323@NotaFakeCompany.com,christopher97@hotmail.com,2020-11-30 00:00:00,,
324,324,Davis,Jennifer,2008-09-24,57477 William Way,West Mirandaville,LA,USA,42388,['America/Chicago'],F,7635717514,781-70-1397,Jvis324,Jvis324@NotaFakeCompany.com,scott84@gmail.com,2020-11-30 00:00:00,,
326,326,Martinez,Reginald,1980-03-09,8544 Michael Station Suite 455,South Samuel,WA,USA,14428,['America/Los_Angeles'],M,+1-286-659-7929x13731,255-81-7401,Rnez326,Rnez326@NotaFakeCompany.com,wchen@gmail.com,2020-12-31 00:00:00,,
329,329,Bell,Joshua,1981-09-15,12802 Phillip Cape,Port Monique,ND,USA,64417,America/Boise,M,001-548-768-8763,801-63-1438,Jell329,Jell329@NotaFakeCompany.com,cheryl25@gmail.com,2020-12-31 00:00:00,,
330,330,Parker,Connie,1910-04-09,415 Hoffman Unions Apt. 161,Lake Jason,LA,USA,45352,['America/Chicago'],F,(942)806-8568,657-81-8943,Cker330,Cker330@NotaFakeCompany.com,catherinejackson@hotmail.com,2020-12-31 00:00:00,,
331,331,Sanders,Sean,1922-09-20,336 Manuel Knolls Suite 932,Martinezborough,ND,USA,55387,America/Boise,M,344-989-8237x78373,011-38-0309,Sers331,Sers331@NotaFakeCompany.com,sherryriley@hotmail.com,2020-12-31 00:00:00,,
332,332,Gray,Sydney,2007-06-11,2838 Jonathan Cliffs Apt. 202,Richardshire,TN,USA,23503,America/Chicago,F,(847)396-7949x192,632-62-7415,Sray332,Sray332@NotaFakeCompany.com,vnelson@hotmail.com,2020-12-31 00:00:00,,
333,333,Carroll,Robert,1991-09-12,227 Green Shoals Suite 964,South Robert,NE,USA,69120,America/Chicago,M,(350)391-5716x648,663-22-8249,Roll333,Roll333@NotaFakeCompany.com,morriscynthia@hotmail.com,2021-01-31 00:00:00,,
334,334,Moore,Lisa,2001-05-23,5672 Michele Canyon,Port Markbury,MN,USA,02539,['America/Chicago'],F,(825)254-5498x14729,382-80-8300,Lore334,Lore334@NotaFakeCompany.com,emily75@gmail.com,2021-01-31 00:00:00,,
335,335,Barnes,Meagan,1938-08-04,039 Daniels Stream Suite 870,Lake Scott,OR,USA,65138,America/Los_Angeles,F,(277)678-0339x8228,675-41-8599,Mnes335,Mnes335@NotaFakeCompany.com,aprilbowman@yahoo.com,2021-01-31 00:00:00,,
337,337,Schneider,William,1918-07-27,1939 Williams Forges Apt. 555,Lake Johnny,IA,USA,73124,['America/Chicago'],M,(509)895-5308,622-21-6824,Wder337,Wder337@NotaFakeCompany.com,egomez@yahoo.com,2021-01-31 00:00:00,,
338,338,Dudley,Justin,1910-10-09,330 Monica Turnpike Apt. 235,Stephenton,HI,USA,34711,['Pacific/Honolulu'],M,278-980-9881,686-40-6400,Jley338,Jley338@NotaFakeCompany.com,isaac93@hotmail.com,2021-01-31 00:00:00,,
339,339,Jeremy,Mr.,1943-10-24,316 Anderson Cape,West Jennifer,RI,USA,36774,['America/New_York'],M,(205)582-9953x8833,561-34-9398,Memy339,Memy339@NotaFakeCompany.com,walkerrobert@gmail.com,2021-01-31 00:00:00,,
340,340,Middleton,Andrew,1978-06-14,5884 Brown Canyon,New Jamesshire,ME,USA,14626,['America/New_York'],M,705.780.1914x67958,070-76-6614,Aton340,Aton340@NotaFakeCompany.com,williamscory@gmail.com,2021-01-31 00:00:00,,
341,341,Fields,Raymond,1950-02-08,7422 Lin Roads,Port Joseport,TX,USA,28801,America/Chicago,M,996-586-5445x1059,190-06-6328,Rlds341,Rlds341@NotaFakeCompany.com,garciaelizabeth@hotmail.com,2021-01-31 00:00:00,,
342,342,Gross,Christopher,1920-12-07,06091 Cook Plains Suite 017,West Katherineport,IL,USA,13873,['America/Chicago'],M,552.910.1269x3555,357-57-0789,Coss342,Coss342@NotaFakeCompany.com,jennifer99@gmail.com,2021-01-31 00:00:00,,
343,343,Lloyd,John,1951-01-06,445 Hawkins Villages Apt. 849,New Garyland,LA,USA,18817,['America/Chicago'],M,001-748-229-4249x0425,366-20-1119,Joyd343,Joyd343@NotaFakeCompany.com,gillmichael@hotmail.com,2021-01-31 00:00:00,,
344,344,Velazquez,Terry,1947-06-03,6588 John Viaduct Apt. 741,Colemouth,SC,USA,49524,['America/New_York'],M,(460)239-6910,535-20-7759,Tuez344,Tuez344@NotaFakeCompany.com,gillsarah@yahoo.com,2021-01-31 00:00:00,,
345,345,Johnson,Amy,1938-01-08,6154 Jason Flats Apt. 053,Lake Maryville,NE,USA,40699,America/Chicago,F,238-790-2243x429,782-13-2532,Ason345,Ason345@NotaFakeCompany.com,froberts@yahoo.com,2021-01-31 00:00:00,,
346,346,Edwards,Monica,1941-07-02,7702 Michele Crossroad Suite 036,Zacharyfort,NY,USA,98835,['America/New_York'],F,8303698472,595-12-6571,Mrds346,Mrds346@NotaFakeCompany.com,utran@gmail.com,2021-01-31 00:00:00,,
347,347,Harris,Chloe,1957-03-23,2532 Sutton Cove Apt. 528,North Amy,RI,USA,99802,['America/New_York'],F,001-404-639-3907x2559,706-01-9767,Cris347,Cris347@NotaFakeCompany.com,kleinkaren@yahoo.com,2021-01-31 00:00:00,,
348,348,Liu,Jeffery,1951-08-10,3191 Martin Gateway,West Paul,VT,USA,67573,['America/New_York'],M,283.828.0926x36701,391-86-8739,JLiu348,JLiu348@NotaFakeCompany.com,pedrovasquez@hotmail.com,2021-01-31 00:00:00,,
350,350,Aguirre,Rachel,2022-02-01,034 Daniel Trail Apt. 818,Campbellton,AR,USA,31948,['America/Chicago'],F,(413)818-8204,329-86-4527,Rrre350,Rrre350@NotaFakeCompany.com,dorothyrogers@hotmail.com,2021-02-28 00:00:00,,
351,351,Anderson,Michael,1925-08-10,262 Mitchell Island Suite 124,Garystad,IN,USA,64375,America/Chicago,M,+1-697-706-4635x4817,315-64-4644,Mson351,Mson351@NotaFakeCompany.com,danielmoran@yahoo.com,2021-03-31 00:00:00,,
353,353,Owens,Jason,1980-06-07,984 Gibson Plains,East Williamburgh,IL,USA,07415,['America/Chicago'],M,+1-209-840-9942,057-78-6382,Jens353,Jens353@NotaFakeCompany.com,erika11@yahoo.com,2021-03-31 00:00:00,,
354,354,Allen,Kimberly,1944-09-21,045 Boyd Alley,New Sharon,GU,USA,14392,['Pacific/Guam'],F,+1-402-392-0784x0324,847-99-9915,Klen354,Klen354@NotaFakeCompany.com,anthony99@hotmail.com,2021-03-31 00:00:00,,
355,355,Hawkins,Benjamin,1986-08-20,00895 Moore Vista Apt. 438,Campbelltown,AR,USA,98608,['America/Chicago'],M,001-865-580-7810,131-87-4226,Bins355,Bins355@NotaFakeCompany.com,mrobertson@yahoo.com,2021-03-31 00:00:00,,
356,356,Williams,Robert,1974-11-27,503 Adrienne Loaf Apt. 843,Karenville,VT,USA,42136,['America/New_York'],M,676-338-7983x8002,583-17-7350,Rams356,Rams356@NotaFakeCompany.com,gking@gmail.com,2021-03-31 00:00:00,,
357,357,Morgan,Christina,2005-02-22,08655 Rodriguez Lodge,Gregoryton,OK,USA,15799,['America/Chicago'],F,3066899286,420-01-7576,Cgan357,Cgan357@NotaFakeCompany.com,robertsonkatelyn@gmail.com,2021-03-31 00:00:00,,
359,359,Burnett,Summer,2021-04-13,0851 Kelly Camp,North Maria,NE,USA,57734,America/Chicago,F,+1-729-733-3581x8304,817-43-8846,Sett359,Sett359@NotaFakeCompany.com,justin73@yahoo.com,2021-03-31 00:00:00,,
360,360,Gibson,Joe,1915-04-04,675 Davis Village Suite 189,North Amanda,TX,USA,79402,America/Chicago,M,232.424.8314x4911,761-27-0234,Json360,Json360@NotaFakeCompany.com,brittany82@gmail.com,2021-03-31 00:00:00,,
361,361,Hernandez,Maria,2008-10-02,748 Ethan Motorway,New Michaelhaven,UT,USA,77235,['America/Denver'],F,+1-432-437-6971x4958,842-17-3852,Mdez361,Mdez361@NotaFakeCompany.com,joelandrews@gmail.com,2021-03-31 00:00:00,,
362,362,Reed,Kelsey,1985-02-13,54524 Kimberly Keys,Murphyhaven,GA,USA,17612,['America/New_York'],F,+1-712-360-5621x177,883-39-9904,Keed362,Keed362@NotaFakeCompany.com,elizabeth98@hotmail.com,2021-03-31 00:00:00,,
363,363,Rodriguez,William,1971-01-24,48506 Henderson Isle Suite 892,Franklinland,SC,USA,41415,['America/New_York'],M,376-757-3219x2455,888-13-0898,Wuez363,Wuez363@NotaFakeCompany.com,ojordan@gmail.com,2021-03-31 00:00:00,,
365,365,Jackson,Amy,1951-12-24,384 Jennifer Glen,Emilymouth,FL,USA,99947,America/New_York,F,3069115595,761-43-3543,Ason365,Ason365@NotaFakeCompany.com,jsmith@hotmail.com,2021-03-31 00:00:00,,
366,366,Padilla,David,1954-02-18,071 Richard Causeway Apt. 763,Erinton,NM,USA,04069,['America/Denver'],M,(696)832-5997x8006,103-71-3864,Dlla366,Dlla366@NotaFakeCompany.com,freytracy@hotmail.com,2021-03-31 00:00:00,,
367,367,Ward,Lauren,1953-05-31,479 Brandon Lodge Suite 316,Bushside,TN,USA,36085,America/Chicago,F,+1-501-296-7280,110-14-0338,Lard367,Lard367@NotaFakeCompany.com,angelicamorgan@gmail.com,2021-03-31 00:00:00,,
369,369,Morgan,Leon,1927-12-10,2345 Peter Underpass,Torresmouth,RI,USA,96377,['America/New_York'],M,840-759-5804x58835,799-33-8756,Lgan369,Lgan369@NotaFakeCompany.com,heathersullivan@yahoo.com,2021-04-30 00:00:00,,
370,370,Oconnor,Chris,1961-10-07,509 Barker Green,Port James,PA,USA,90402,['America/New_York'],M,(839)731-8845x78203,607-32-8172,Cnor370,Cnor370@NotaFakeCompany.com,ppayne@gmail.com,2021-04-30 00:00:00,,
373,373,Mckenzie,David,1930-12-16,782 Steven Port,South Jennifer,MS,USA,93178,['America/Chicago'],M,+1-598-567-7873x7472,621-61-5353,Dzie373,Dzie373@NotaFakeCompany.com,vargashayley@gmail.com,2021-04-30 00:00:00,,
374,374,Rivers,Sue,1950-08-08,729 Miranda Hollow,East Clayton,DE,USA,14143,['America/New_York'],F,+1-950-633-6825,083-63-8373,Sers374,Sers374@NotaFakeCompany.com,schneiderkeith@gmail.com,2021-04-30 00:00:00,,
375,375,Robertson,Steven,2013-03-13,353 Tanya Squares,South Shawn,ND,USA,60629,America/Boise,M,+1-247-894-9727,396-12-7209,Sson375,Sson375@NotaFakeCompany.com,qodom@hotmail.com,2021-04-30 00:00:00,,
376,376,Black,Maria,1979-07-11,5559 Anderson Gardens,Brownside,FL,USA,35500,America/New_York,F,313.925.8899x93517,650-36-3685,Mack376,Mack376@NotaFakeCompany.com,rgraham@gmail.com,2021-04-30 00:00:00,,
377,377,Patton,Paul,1948-10-14,78879 Brown Dam,Danielport,VT,USA,41474,['America/New_York'],M,001-224-707-6084x008,444-85-6537,Pton377,Pton377@NotaFakeCompany.com,sharon03@yahoo.com,2021-04-30 00:00:00,,
381,381,Mejia,Michael,1951-04-18,9052 Smith Spurs,New Elizabeth,IL,USA,68834,['America/Chicago'],M,+1-978-327-6143x2306,034-21-2918,Mjia381,Mjia381@NotaFakeCompany.com,oeaton@gmail.com,2021-04-30 00:00:00,,
382,382,Maxwell,Anthony,1988-11-12,35154 Moore Shoal,Owenstown,NJ,USA,09513,['America/New_York'],M,(518)348-4531,095-03-4909,Aell382,Aell382@NotaFakeCompany.com,christinelucas@gmail.com,2021-04-30 00:00:00,,
383,383,Gray,Brian,1937-06-18,36174 Timothy Harbor Apt. 055,Lake Kellyview,CT,USA,44095,['America/New_York'],M,356-718-4180x146,866-08-9108,Bray383,Bray383@NotaFakeCompany.com,michellebaker@yahoo.com,2021-04-30 00:00:00,,
384,384,Garza,Andrea,1915-08-31,638 Carter Shoal,South Michaelchester,OK,USA,96889,['America/Chicago'],F,(288)548-1326,360-07-2617,Arza384,Arza384@NotaFakeCompany.com,michelerichard@hotmail.com,2021-04-30 00:00:00,,
385,385,Meadows,Christopher,1962-04-03,125 Lee Highway Suite 824,West Garrett,ME,USA,07270,['America/New_York'],M,+1-624-465-2899x429,377-79-0947,Cows385,Cows385@NotaFakeCompany.com,castanedalaura@yahoo.com,2021-05-31 00:00:00,,
386,386,Montgomery,Nicholas,2014-07-24,207 Austin Village,Sabrinaville,WI,USA,65628,['America/Chicago'],M,001-338-789-3839x76985,375-61-4079,Nery386,Nery386@NotaFakeCompany.com,mcintoshjohn@yahoo.com,2021-05-31 00:00:00,,
387,387,Thomas,Philip,1952-04-25,094 Hansen Pass Suite 066,Madisonberg,NJ,USA,49108,['America/New_York'],M,(394)751-1638x7561,496-97-3159,Pmas387,Pmas387@NotaFakeCompany.com,garrisonjohn@hotmail.com,2021-05-31 00:00:00,,
388,388,Ramos,William,1979-10-12,22631 Moore Coves,Penaburgh,MN,USA,26181,['America/Chicago'],M,(950)537-4676x02497,219-98-1646,Wmos388,Wmos388@NotaFakeCompany.com,hglass@hotmail.com,2021-05-31 00:00:00,,
391,391,Lopez,Maria,1946-05-20,36842 Corey Stream Apt. 354,Jordanville,WA,USA,44000,['America/Los_Angeles'],F,001-523-867-9818,222-37-4569,Mpez391,Mpez391@NotaFakeCompany.com,ipalmer@hotmail.com,2021-06-30 00:00:00,,
392,392,Scott,Brandon,1932-02-25,359 Jeffrey Lock,Leeton,MN,USA,30001,['America/Chicago'],M,3327516428,422-27-6527,Bott392,Bott392@NotaFakeCompany.com,amandajohnson@yahoo.com,2021-06-30 00:00:00,,
393,393,Turner,Jeffrey,1949-11-01,427 Baker Landing,South Jackiechester,KS,USA,14793,America/Chicago,M,916.387.9042,513-92-9003,Jner393,Jner393@NotaFakeCompany.com,lmcconnell@yahoo.com,2021-06-30 00:00:00,,
395,395,Glover,Philip,2008-08-13,2205 Jocelyn Hill,Seantown,NJ,USA,78825,['America/New_York'],M,001-585-695-9847x00302,333-23-5939,Pver395,Pver395@NotaFakeCompany.com,phudson@gmail.com,2021-06-30 00:00:00,,
396,396,Cunningham,Robert,2013-11-09,87353 Christina Squares Apt. 713,Loriside,IA,USA,31821,['America/Chicago'],M,840.369.8615,077-40-3734,Rham396,Rham396@NotaFakeCompany.com,edward89@gmail.com,2021-06-30 00:00:00,,
397,397,Johnson,Andrew,1954-05-21,78707 Zachary Point Apt. 556,Jamesland,GA,USA,89942,['America/New_York'],M,(585)590-2956x7953,465-55-6118,Ason397,Ason397@NotaFakeCompany.com,randall71@hotmail.com,2021-07-31 00:00:00,,
398,398,Leonard,Donna,1982-10-24,991 Simmons Plaza Apt. 484,Brownport,GU,USA,49626,['Pacific/Guam'],F,896-850-2700x79397,434-79-5826,Dard398,Dard398@NotaFakeCompany.com,vhill@yahoo.com,2021-07-31 00:00:00,,
399,399,Leon,Stacy,1914-08-27,12780 Perez Course,Valenzuelatown,MA,USA,34701,['America/New_York'],F,001-707-351-7022x0536,269-27-5771,Seon399,Seon399@NotaFakeCompany.com,jessicabrown@yahoo.com,2021-08-31 00:00:00,,
400,400,Cooper,Jenny,1955-01-31,6523 Joseph Dale,West Gregory,WY,USA,01499,['America/Denver'],F,(319)378-9191x10083,566-49-6740,Jper400,Jper400@NotaFakeCompany.com,janice62@gmail.com,2021-08-31 00:00:00,,
401,401,Martinez,Jennifer,1966-03-09,804 Jennifer Isle,Hallton,TX,USA,06819,America/Chicago,F,+1-517-214-6173x5728,569-85-9318,Jnez401,Jnez401@NotaFakeCompany.com,paulcox@hotmail.com,2021-08-31 00:00:00,,
403,403,Williams,Joseph,1960-03-05,947 Jamie Glen,New Tracyville,UT,USA,58957,['America/Denver'],M,001-612-435-0417x44197,212-28-5475,Jams403,Jams403@NotaFakeCompany.com,fraziertyler@gmail.com,2021-08-31 00:00:00,,
404,404,Kelly,Valerie,2016-01-24,42651 Wood Ferry Suite 458,Alvarezland,TN,USA,66673,America/Chicago,F,(247)707-9445x97300,121-59-9393,Vlly404,Vlly404@NotaFakeCompany.com,npatel@gmail.com,2021-08-31 00:00:00,,
406,406,Cooper,Jessica,1912-06-11,2074 Pierce Trail,Burgesshaven,RI,USA,59485,['America/New_York'],F,814.770.6823x133,234-36-4593,Jper406,Jper406@NotaFakeCompany.com,claytontimothy@hotmail.com,2021-08-31 00:00:00,,
407,407,Maynard,Jimmy,1957-11-23,6239 Joseph Cliffs Apt. 472,Danielsville,MP,USA,13084,['Pacific/Guam'],M,6629307420,710-73-8712,Jard407,Jard407@NotaFakeCompany.com,frodriguez@hotmail.com,2021-08-31 00:00:00,,
408,408,Butler,Kevin,2009-05-12,933 Mcconnell Via,New David,IN,USA,60688,America/Chicago,M,(627)698-8089x0473,559-92-4189,Kler408,Kler408@NotaFakeCompany.com,zjimenez@yahoo.com,2021-08-31 00:00:00,,
409,409,Moore,Jacob,1985-07-05,256 Melissa Land Suite 768,West Richard,WA,USA,14545,['America/Los_Angeles'],M,001-564-469-1306x561,575-79-8241,Jore409,Jore409@NotaFakeCompany.com,qwebster@hotmail.com,2021-08-31 00:00:00,,
411,411,Washington,Terri,1913-07-07,508 Carpenter Trafficway,Port Joanfurt,WV,USA,31602,['America/New_York'],F,757-690-4639x2092,743-65-3434,Tton411,Tton411@NotaFakeCompany.com,nmcclure@yahoo.com,2021-08-31 00:00:00,,
412,412,Chase,Emily,1938-01-15,343 Freeman Forest,Wilsonhaven,WA,USA,76469,['America/Los_Angeles'],F,491-716-2292x32126,598-96-4153,Ease412,Ease412@NotaFakeCompany.com,bonnieoconnor@hotmail.com,2021-08-31 00:00:00,,
413,413,Sanchez,Elizabeth,1941-09-02,213 Ellis Points,Acevedochester,WV,USA,42046,['America/New_York'],F,506.964.9806x2629,684-91-1252,Ehez413,Ehez413@NotaFakeCompany.com,gonzalezkaren@gmail.com,2021-09-30 00:00:00,,
416,416,Smith,Melanie,1964-02-02,16398 Morgan Rapid,New Shannon,NM,USA,43125,['America/Denver'],F,(466)982-8105x0326,478-93-5847,Mith416,Mith416@NotaFakeCompany.com,zarnold@gmail.com,2021-09-30 00:00:00,,
417,417,Jordan,Deborah,2000-09-03,7568 Wheeler Grove,South James,AS,USA,10849,['Pacific/Samoa'],F,580-959-7425x08728,099-33-8002,Ddan417,Ddan417@NotaFakeCompany.com,rayrusso@yahoo.com,2021-10-31 00:00:00,,
418,418,Newman,Ernest,1984-06-11,7383 Johnson Mountain Apt. 076,Huffmanberg,UT,USA,95846,['America/Denver'],M,684.851.7807x36072,499-97-2461,Eman418,Eman418@NotaFakeCompany.com,emmapham@hotmail.com,2021-10-31 00:00:00,,
419,419,Valencia,Nicole,1945-05-30,697 Johnson Track Apt. 937,North Davidbury,VI,USA,47744,['America/Puerto_Rico'],F,(812)693-1033x5572,340-95-7621,Ncia419,Ncia419@NotaFakeCompany.com,dennis77@yahoo.com,2021-10-31 00:00:00,,
420,420,Martin,Catherine,2008-08-25,0064 Chad Lake Apt. 353,North Jennifer,MI,USA,73883,America/New_York,F,001-736-955-2329x15781,536-17-0593,Ctin420,Ctin420@NotaFakeCompany.com,melinda61@gmail.com,2021-10-31 00:00:00,,
421,421,Mitchell,Kimberly,1910-12-09,3609 King Dam Suite 775,Thompsonfort,CO,USA,91221,['America/Denver'],F,001-617-323-9976x4107,020-34-7307,Kell421,Kell421@NotaFakeCompany.com,perezchristopher@gmail.com,2021-10-31 00:00:00,,
422,422,Butler,Monica,2017-06-29,13800 Deleon Island Suite 924,Rhodesville,VA,USA,85371,['America/New_York'],F,573.931.6535x435,588-46-7046,Mler422,Mler422@NotaFakeCompany.com,jasonramirez@hotmail.com,2021-10-31 00:00:00,,
423,423,Pennington,Joseph,2008-06-10,4189 Nash Expressway Apt. 946,Andrewtown,GA,USA,39958,['America/New_York'],M,385-611-2184,324-39-8377,Jton423,Jton423@NotaFakeCompany.com,kristin89@hotmail.com,2021-10-31 00:00:00,,
424,424,Walker,Douglas,1925-04-04,1504 Miranda Light,North Ethanland,WY,USA,85606,['America/Denver'],M,+1-216-638-7820x884,107-30-3314,Dker424,Dker424@NotaFakeCompany.com,ocarter@gmail.com,2021-10-31 00:00:00,,
425,425,Skinner,Grace,1989-10-10,040 Jackson Lane Suite 326,Ashleyton,OH,USA,06563,['America/New_York'],F,722.329.1468,648-48-3230,Gner425,Gner425@NotaFakeCompany.com,kimberly79@hotmail.com,2021-10-31 00:00:00,,
426,426,Jones,Molly,1993-10-12,03288 Miller Stream Suite 356,New Christopher,KY,USA,03535,America/Chicago,F,(361)951-8457,642-06-6717,Mnes426,Mnes426@NotaFakeCompany.com,bortiz@gmail.com,2021-10-31 00:00:00,,
427,427,Romero,Victoria,1961-06-14,327 Hernandez Circle Apt. 459,Lake Jerryland,MT,USA,45220,['America/Denver'],F,+1-768-336-2699x17472,501-25-8697,Vero427,Vero427@NotaFakeCompany.com,nicholeharrison@yahoo.com,2021-10-31 00:00:00,,
428,428,Richardson,Megan,1926-04-28,3892 Brooks Trace,South Ashley,AR,USA,84406,['America/Chicago'],F,4174287028,767-50-8972,Mson428,Mson428@NotaFakeCompany.com,kristen92@hotmail.com,2021-10-31 00:00:00,,
429,429,Morgan,Emma,1918-06-16,061 Dana Squares,Alyssaborough,FL,USA,17424,America/New_York,F,+1-954-666-5767x5433,176-96-5969,Egan429,Egan429@NotaFakeCompany.com,stephenellis@gmail.com,2021-10-31 00:00:00,,
431,431,Harris,Angela,1959-01-16,2570 Jessica Overpass,Raymondview,GU,USA,08951,['Pacific/Guam'],F,001-622-382-0987x70529,638-83-5582,Aris431,Aris431@NotaFakeCompany.com,haley74@yahoo.com,2021-10-31 00:00:00,,
432,432,Scott,Jack,1978-01-09,3966 James Expressway Apt. 291,North Sherry,VT,USA,12673,['America/New_York'],M,845.823.9702,336-77-2013,Jott432,Jott432@NotaFakeCompany.com,courtney81@gmail.com,2021-10-31 00:00:00,,
433,433,George,Brittany,1938-03-23,893 Zachary Courts,Williamsbury,LA,USA,07039,['America/Chicago'],F,858-587-4826x538,463-58-5405,Brge433,Brge433@NotaFakeCompany.com,griffithpaula@gmail.com,2021-10-31 00:00:00,,
435,435,Jones,Terry,2000-11-27,236 Sierra Cape Apt. 891,Parksmouth,MT,USA,97513,['America/Denver'],M,208.251.8944,026-96-3648,Tnes435,Tnes435@NotaFakeCompany.com,laurierodgers@yahoo.com,2021-11-30 00:00:00,,
436,436,Hughes,Crystal,1912-03-18,955 Lauren Way Suite 777,Lake Davidhaven,MA,USA,05647,['America/New_York'],F,208.791.5998,840-12-7872,Ches436,Ches436@NotaFakeCompany.com,wendylopez@gmail.com,2021-11-30 00:00:00,,
437,437,Henderson,Angelica,1996-05-24,546 Laurie Way Suite 597,Ruizville,MN,USA,95062,['America/Chicago'],F,+1-313-374-2194x0490,638-98-8668,Ason437,Ason437@NotaFakeCompany.com,rparker@yahoo.com,2021-11-30 00:00:00,,
438,438,Brewer,Timothy,1953-06-17,34337 Benjamin Pines Apt. 822,West Edward,CO,USA,82082,['America/Denver'],M,290-233-2069x8505,133-77-8872,Twer438,Twer438@NotaFakeCompany.com,elizabethelliott@hotmail.com,2021-12-31 00:00:00,,
439,439,Mason,Alejandra,2020-11-29,061 Turner Brook Apt. 509,Wendyport,TN,USA,11982,America/Chicago,F,243.955.6794x134,563-47-5258,Ason439,Ason439@NotaFakeCompany.com,pittsdeborah@yahoo.com,2021-12-31 00:00:00,,
440,440,Jackson,Margaret,1939-09-04,94646 Craig Junction Suite 435,New Wayneton,MA,USA,31527,['America/New_York'],F,(208)613-0956x0843,010-29-5366,Mson440,Mson440@NotaFakeCompany.com,sonyaramirez@hotmail.com,2021-12-31 00:00:00,,
441,441,Grant,Barbara,1984-10-11,642 Castillo Road,Timothyland,PA,USA,13865,['America/New_York'],F,(335)853-0494x7075,505-56-4237,Bant441,Bant441@NotaFakeCompany.com,david41@gmail.com,2021-12-31 00:00:00,,
442,442,Mccoy,Jacqueline,1998-07-01,0917 Koch Path Suite 660,Melissahaven,AL,USA,96189,['America/Chicago'],F,9136711609,895-11-1572,Jcoy442,Jcoy442@NotaFakeCompany.com,snowkelsey@gmail.com,2021-12-31 00:00:00,,
443,443,Wilkins,Whitney,2008-05-07,2741 Holland Harbors,Port Leah,MA,USA,62341,['America/New_York'],F,388-808-8520x5071,428-89-8109,Wins443,Wins443@NotaFakeCompany.com,christinejohnson@yahoo.com,2021-12-31 00:00:00,,
444,444,Franklin,Lucas,2005-05-23,6714 David Pines,Calvintown,ID,USA,32693,America/Denver,M,001-430-305-1456x116,467-27-7498,Llin444,Llin444@NotaFakeCompany.com,roberthamilton@yahoo.com,2021-12-31 00:00:00,,
445,445,Hickman,Melinda,1979-08-01,859 Goodman Bridge,Pruittbury,OH,USA,76880,['America/New_York'],F,268.449.2690x47498,883-73-1625,Mman445,Mman445@NotaFakeCompany.com,gregory10@hotmail.com,2021-12-31 00:00:00,,
446,446,Gonzalez,Betty,1950-10-03,26445 Perez Village Suite 970,Port Jonathanfort,LA,USA,28933,['America/Chicago'],F,4246504551,624-82-2722,Blez446,Blez446@NotaFakeCompany.com,lindsey74@yahoo.com,2021-12-31 00:00:00,,
447,447,Smith,Brianna,1998-11-04,6544 Kaylee Crescent,Josephstad,MO,USA,27628,['America/Chicago'],F,748.375.4755x29043,615-18-5931,Bith447,Bith447@NotaFakeCompany.com,ywilson@hotmail.com,2021-12-31 00:00:00,,
448,448,Morton,Lisa,1983-12-27,63178 King Shoal Suite 683,West Christopherhaven,TX,USA,79524,America/Chicago,F,+1-218-860-4028x11103,302-88-9159,Lton448,Lton448@NotaFakeCompany.com,bcochran@hotmail.com,2021-12-31 00:00:00,,
449,449,Maynard,Melissa,1921-07-07,563 Kristen Cove,Allenmouth,FL,USA,86971,America/New_York,F,907-471-3634x015,253-63-2794,Mard449,Mard449@NotaFakeCompany.com,monique18@gmail.com,2022-01-31 00:00:00,,
450,450,Harris,Dustin,1914-12-11,134 Jacqueline Track Apt. 715,South Erinbury,DE,USA,19826,['America/New_York'],M,228.891.6344,274-45-9688,Dris450,Dris450@NotaFakeCompany.com,sherrydrake@gmail.com,2022-01-31 00:00:00,,
452,452,Perez,Leah,1992-12-17,732 Jennifer Islands,Thomasside,MA,USA,49717,['America/New_York'],F,838-467-1037x003,157-48-1389,Lrez452,Lrez452@NotaFakeCompany.com,fordeddie@yahoo.com,2022-01-31 00:00:00,,
453,453,Parker,Jesse,1922-07-09,346 Amber Ramp Suite 174,Wallstown,OH,USA,12196,['America/New_York'],M,616-520-7030,732-36-2831,Jker453,Jker453@NotaFakeCompany.com,david18@yahoo.com,2022-01-31 00:00:00,,
454,454,Salazar,Ricky,1911-12-27,00555 Karen Ridge,Lake Dominique,MN,USA,01458,['America/Chicago'],M,949.917.0094,417-87-6337,Rzar454,Rzar454@NotaFakeCompany.com,hintonluke@hotmail.com,2022-01-31 00:00:00,,
455,455,Sharp,Christopher,1941-04-14,6030 Joseph Forge Suite 275,East Danielle,NY,USA,53658,['America/New_York'],M,001-424-276-5410,387-36-4257,Carp455,Carp455@NotaFakeCompany.com,tabithadavidson@yahoo.com,2022-01-31 00:00:00,,
456,456,Smith,Tina,1915-02-13,6658 Bauer River,Lake Andrewshire,WV,USA,38122,['America/New_York'],F,(821)982-8396x34126,059-60-0617,Tith456,Tith456@NotaFakeCompany.com,tinajackson@yahoo.com,2022-01-31 00:00:00,,
457,457,Brooks,Nicole,1924-12-04,00128 Jordan Radial,Port Victorchester,AK,USA,71939,America/Anchorage,F,8775632492,525-88-1735,Noks457,Noks457@NotaFakeCompany.com,edgar29@yahoo.com,2022-01-31 00:00:00,,
458,458,Avila,Regina,1970-11-21,16931 Black Shoals,Johnstontown,MP,USA,22041,['Pacific/Guam'],F,(403)569-2906x074,092-14-1077,Rila458,Rila458@NotaFakeCompany.com,theresatran@yahoo.com,2022-02-28 00:00:00,,
459,459,Faulkner,Rodney,1989-05-03,273 Pena Villages Suite 045,East Hannah,NH,USA,80532,['America/New_York'],M,(422)293-9599,794-13-3088,Rner459,Rner459@NotaFakeCompany.com,jorge40@hotmail.com,2022-02-28 00:00:00,,
461,461,Leon,Alexander,1988-12-20,06834 Russell Summit,Charlesmouth,MN,USA,84726,['America/Chicago'],M,917.334.1177,291-86-3214,Aeon461,Aeon461@NotaFakeCompany.com,walkerfelicia@yahoo.com,2022-02-28 00:00:00,,
462,462,Walker,Kimberly,1961-02-26,817 White Fields Suite 969,West Aprilbury,IL,USA,46315,['America/Chicago'],F,767.650.8447,404-41-4426,Kker462,Kker462@NotaFakeCompany.com,miguelcolon@yahoo.com,2022-02-28 00:00:00,,
463,463,Salas,Lynn,2013-01-16,70542 Morris Trail,Morrowchester,MT,USA,68675,['America/Denver'],F,+1-825-764-9670x779,711-80-7775,Llas463,Llas463@NotaFakeCompany.com,sandraedwards@gmail.com,2022-02-28 00:00:00,,
464,464,Campbell,Carla,1978-03-29,338 Martin Bridge Suite 312,Garciatown,HI,USA,13933,['Pacific/Honolulu'],F,+1-610-907-9929x362,166-19-0413,Cell464,Cell464@NotaFakeCompany.com,lawrencedanielle@hotmail.com,2022-02-28 00:00:00,,
465,465,Lee,Amy,1930-03-11,355 Wright Summit,Wardborough,NM,USA,49741,['America/Denver'],F,+1-943-287-6069x09355,830-77-7821,ALee465,ALee465@NotaFakeCompany.com,thomasashley@hotmail.com,2022-03-31 00:00:00,,
466,466,Fuentes,Wendy,1959-06-01,084 Kathleen Rue,New Jeffreyville,OK,USA,89565,['America/Chicago'],F,(915)832-0399,813-07-9372,Wtes466,Wtes466@NotaFakeCompany.com,hillsharon@gmail.com,2022-03-31 00:00:00,,
467,467,Castillo,Jeffrey,1943-12-18,961 Webb Cape,Port Kelsey,DE,USA,47880,['America/New_York'],M,001-748-475-9548x92380,036-31-1748,Jllo467,Jllo467@NotaFakeCompany.com,mileskimberly@hotmail.com,2022-03-31 00:00:00,,
468,468,Ochoa,Stephanie,1993-11-14,7304 Deanna Extension,South Monica,WI,USA,32002,['America/Chicago'],F,459-233-2825x31478,057-51-4383,Shoa468,Shoa468@NotaFakeCompany.com,iwhite@yahoo.com,2022-03-31 00:00:00,,
469,469,Haas,Anna,2020-06-01,11816 Hunter Trail Suite 831,Lisatown,ME,USA,15489,['America/New_York'],F,959.235.6784x13259,375-23-7902,Aaas469,Aaas469@NotaFakeCompany.com,jeffery66@yahoo.com,2022-03-31 00:00:00,,
470,470,Sloan,Rachel,2018-06-09,62499 John Club Suite 658,Douglasstad,NC,USA,69831,['America/New_York'],F,309-376-3081x242,549-29-2350,Roan470,Roan470@NotaFakeCompany.com,brandyoconnor@yahoo.com,2022-03-31 00:00:00,,
471,471,Thornton,Melissa,1918-06-24,2891 Donna Estates,Ericside,ND,USA,52695,America/Boise,F,946.850.0051x388,599-94-4590,Mton471,Mton471@NotaFakeCompany.com,jillbray@hotmail.com,2022-03-31 00:00:00,,
472,472,Meyer,Andrea,1913-10-28,044 Thomas Gateway Suite 791,Kennethshire,KS,USA,98071,America/Chicago,F,818-259-6820x1432,288-03-9347,Ayer472,Ayer472@NotaFakeCompany.com,fergusonandrew@gmail.com,2022-03-31 00:00:00,,
473,473,Carlson,Stacy,1977-06-22,17179 Buchanan Squares Apt. 791,Lake Jay,MS,USA,86779,['America/Chicago'],F,(626)978-5761,887-87-7121,Sson473,Sson473@NotaFakeCompany.com,ramirezjulie@yahoo.com,2022-03-31 00:00:00,,
474,474,Vaughn,Bethany,1947-08-08,85725 John Court Apt. 200,Port Todd,DE,USA,28344,['America/New_York'],F,5398145237,054-15-4997,Bghn474,Bghn474@NotaFakeCompany.com,changalan@hotmail.com,2022-03-31 00:00:00,,
475,475,Merritt,Mary,1933-05-24,1918 Sharon Tunnel Suite 206,West William,ND,USA,62696,America/Boise,F,840-664-3647x566,422-41-9960,Mitt475,Mitt475@NotaFakeCompany.com,brownshawn@gmail.com,2022-03-31 00:00:00,,
476,476,Valentine,Amy,1943-12-19,57038 Chapman Court Apt. 486,Christopherberg,ME,USA,76351,['America/New_York'],F,436-765-1907x49383,235-34-8033,Aine476,Aine476@NotaFakeCompany.com,jennifer61@gmail.com,2022-03-31 00:00:00,,
477,477,Shepherd,Jeffrey,2012-12-02,38762 Thompson Rue Suite 854,East Reneemouth,AZ,USA,75709,['America/Phoenix'],M,(212)873-5526,864-99-2719,Jerd477,Jerd477@NotaFakeCompany.com,smartinez@gmail.com,2022-03-31 00:00:00,,
479,479,Greene,Eddie,1988-06-18,88890 Griffin Lake Apt. 835,Anneland,NY,USA,61292,['America/New_York'],M,331-995-8956,418-34-7557,Eene479,Eene479@NotaFakeCompany.com,aaron58@yahoo.com,2022-03-31 00:00:00,,
480,480,Williams,Jose,1910-02-07,6598 Nguyen Pine Apt. 567,Rubenburgh,ME,USA,70817,['America/New_York'],M,001-218-685-6283,803-29-1893,Jams480,Jams480@NotaFakeCompany.com,james42@yahoo.com,2022-04-30 00:00:00,,
481,481,Clark,Ronald,1920-01-01,380 Mckinney Station Suite 963,West Joshuaberg,MD,USA,36947,['America/New_York'],M,001-516-464-8480,208-29-3431,Rark481,Rark481@NotaFakeCompany.com,derek37@yahoo.com,2022-04-30 00:00:00,,
482,482,Turner,Amanda,1930-04-17,656 Ryan Parkways Apt. 022,Duncanmouth,KS,USA,99180,America/Chicago,F,001-228-787-8932,418-80-7409,Aner482,Aner482@NotaFakeCompany.com,collierlori@yahoo.com,2022-04-30 00:00:00,,
483,483,Tucker,Shannon,1934-11-22,97693 Brown Via,East Laura,TN,USA,11512,America/Chicago,F,(625)491-3084,654-18-9190,Sker483,Sker483@NotaFakeCompany.com,clarkerin@hotmail.com,2022-04-30 00:00:00,,
484,484,Martinez,Emily,1939-11-03,88949 Louis Villages,Port Tammy,NH,USA,55649,['America/New_York'],F,001-739-840-4268,061-24-8389,Enez484,Enez484@NotaFakeCompany.com,ryancaldwell@hotmail.com,2022-05-31 00:00:00,,
485,485,Alvarez,Tricia,1936-06-15,246 Miller Centers Apt. 912,Johnshire,TN,USA,82744,America/Chicago,F,6309097896,022-31-5110,Trez485,Trez485@NotaFakeCompany.com,rogersmark@gmail.com,2022-05-31 00:00:00,,
486,486,Jacobs,Jermaine,1911-08-19,9721 Phillips Terrace Apt. 927,South Brandonview,NY,USA,79392,['America/New_York'],M,247.743.0405x95669,412-79-2566,Jobs486,Jobs486@NotaFakeCompany.com,johnsonjerry@gmail.com,2022-05-31 00:00:00,,
487,487,Burnett,Andres,1927-08-24,953 Leon Plains Apt. 543,North Brenda,OK,USA,42588,['America/Chicago'],M,748-284-5693x7795,135-90-3448,Aett487,Aett487@NotaFakeCompany.com,fandrews@hotmail.com,2022-05-31 00:00:00,,
488,488,Bowman,Paul,1919-07-08,945 Murray Hills Suite 464,New Kathleenburgh,IL,USA,72765,['America/Chicago'],M,+1-264-402-3627,735-43-6096,Pman488,Pman488@NotaFakeCompany.com,xmarshall@yahoo.com,2022-05-31 00:00:00,,
489,489,Jackson,Dawn,1992-08-24,1560 Benjamin View Suite 737,Robertoport,NJ,USA,21082,['America/New_York'],F,001-891-705-2623,586-96-3366,Dson489,Dson489@NotaFakeCompany.com,kevin77@hotmail.com,2022-05-31 00:00:00,,
490,490,Cox,Angela,1950-06-11,517 Andrew Points,East Jesse,NH,USA,74206,['America/New_York'],F,4334843881,008-19-4341,ACox490,ACox490@NotaFakeCompany.com,laura10@hotmail.com,2022-05-31 00:00:00,,
491,491,Lloyd,Robert,1977-10-09,67325 Brown Coves Suite 892,Lauraville,KY,USA,42065,America/Chicago,M,(896)208-2330,897-66-5566,Royd491,Royd491@NotaFakeCompany.com,ycarlson@yahoo.com,2022-05-31 00:00:00,,
492,492,Mendez,Allen,1916-01-23,189 Samantha Stream Apt. 583,Kimland,GA,USA,61965,['America/New_York'],M,779-524-2889x71357,707-91-7950,Adez492,Adez492@NotaFakeCompany.com,caleb81@hotmail.com,2022-05-31 00:00:00,,
493,493,Reid,Kevin,1991-10-24,63649 Chad Shore,North Juliaburgh,KY,USA,82322,America/Chicago,M,774.761.4376x718,537-41-3771,Keid493,Keid493@NotaFakeCompany.com,johnstonjames@yahoo.com,2022-05-31 00:00:00,,
494,494,Case,Darren,2012-11-23,128 Wong Square,North Jennifer,IA,USA,19111,['America/Chicago'],M,818-451-3573,647-39-8472,Dase494,Dase494@NotaFakeCompany.com,jamessierra@gmail.com,2022-05-31 00:00:00,,
495,495,Marshall,Jeffery,1931-07-27,593 Torres Pike Apt. 078,Lake Joanburgh,GU,USA,66914,['Pacific/Guam'],M,+1-716-600-3648x63747,412-08-6660,Jall495,Jall495@NotaFakeCompany.com,franklinkathleen@hotmail.com,2022-05-31 00:00:00,,
496,496,Cox,Andrea,1959-05-31,33504 Nancy Port Apt. 761,Taylorville,TX,USA,97271,America/Chicago,F,654-663-2011x252,436-45-2176,ACox496,ACox496@NotaFakeCompany.com,keith72@hotmail.com,2022-05-31 00:00:00,,
498,498,Wu,Angela,2020-01-25,3052 Benjamin Well Apt. 868,Port Glennmouth,MN,USA,17716,['America/Chicago'],F,(299)980-9805x12214,342-84-9180,AWu498,AWu498@NotaFakeCompany.com,gainesphillip@hotmail.com,2022-05-31 00:00:00,,
499,499,Bass,Jane,1951-07-28,1318 Daniel Drive Suite 753,Lake Melissabury,NJ,USA,77626,['America/New_York'],F,440-903-7917x4335,280-56-2549,Jass499,Jass499@NotaFakeCompany.com,thompsonwilliam@hotmail.com,2022-05-31 00:00:00,,
500,500,Evans,Shelly,1922-03-31,94924 Sosa Brooks Suite 831,Lake Logan,TN,USA,06471,America/Chicago,F,366-455-4352x79737,668-37-6906,Sans500,Sans500@NotaFakeCompany.com,ecrawford@gmail.com,2022-06-30 00:00:00,,
501,501,Holmes,Steven,1948-02-01,548 Montgomery Divide,Anthonyfurt,AR,USA,16346,['America/Chicago'],M,697-408-5110x29081,205-40-7567,Smes501,Smes501@NotaFakeCompany.com,porterkeith@hotmail.com,2022-06-30 00:00:00,,
502,502,Medina,Faith,1936-07-28,62531 Susan Forge,Smithmouth,OR,USA,71102,America/Los_Angeles,F,537-939-5313x475,319-49-3386,Fina502,Fina502@NotaFakeCompany.com,emily57@hotmail.com,2022-06-30 00:00:00,,
503,503,Walter,Katherine,1916-06-25,531 Gregory Cliff Suite 478,Vaughanchester,NH,USA,84325,['America/New_York'],F,(277)382-4381x4209,252-06-5492,Kter503,Kter503@NotaFakeCompany.com,amymeyer@hotmail.com,2022-06-30 00:00:00,,
504,504,Casey,Jessica,1934-08-11,040 Young Ranch,Whitneymouth,AK,USA,95158,America/Anchorage,F,265-531-9150x1361,557-82-9232,Jsey504,Jsey504@NotaFakeCompany.com,hamiltonchelsea@gmail.com,2022-06-30 00:00:00,,
505,505,Sullivan,Elizabeth,1976-11-14,23033 David Springs Suite 076,Andersonfurt,WA,USA,03449,['America/Los_Angeles'],F,866-634-8863,240-21-4746,Evan505,Evan505@NotaFakeCompany.com,vle@hotmail.com,2022-06-30 00:00:00,,
506,506,Barry,Timothy,1993-08-20,529 Gomez Pine Apt. 790,Melissaport,VA,USA,61635,['America/New_York'],M,822.754.6608x4518,798-96-9345,Trry506,Trry506@NotaFakeCompany.com,gcarroll@gmail.com,2022-06-30 00:00:00,,
507,507,Mitchell,Patricia,1966-05-17,81773 Reynolds Ridge Apt. 296,West Allison,ND,USA,66745,America/Boise,F,536-366-6306,427-72-8520,Pell507,Pell507@NotaFakeCompany.com,paynebarry@hotmail.com,2022-06-30 00:00:00,,
508,508,Rowland,Michele,1981-05-31,3615 Pittman Dam,Annland,OH,USA,30059,['America/New_York'],F,(385)212-9440x9423,188-68-2254,Mand508,Mand508@NotaFakeCompany.com,wrightshirley@hotmail.com,2022-06-30 00:00:00,,
509,509,Mcneil,Gregory,1941-11-26,0478 Rush Parkways Suite 062,East Frederickhaven,MS,USA,42673,['America/Chicago'],M,370-867-0838x55640,379-72-8479,Geil509,Geil509@NotaFakeCompany.com,radams@gmail.com,2022-06-30 00:00:00,,
510,510,Ramos,Justin,1973-03-26,8087 Pamela Village,Port Nicole,PR,USA,02486,['America/Puerto_Rico'],M,001-924-559-1533x765,448-24-0121,Jmos510,Jmos510@NotaFakeCompany.com,pacemonica@hotmail.com,2022-06-30 00:00:00,,
511,511,Burns,Matthew,1993-05-02,92683 Kathleen Summit Suite 058,Livingstonmouth,LA,USA,04114,['America/Chicago'],M,9717291053,201-92-2603,Mrns511,Mrns511@NotaFakeCompany.com,phyllispatel@gmail.com,2022-06-30 00:00:00,,
512,512,Guzman,Megan,1960-01-29,16036 Rose Freeway,Christinastad,MO,USA,85539,['America/Chicago'],F,234-512-6769,004-95-4283,Mman512,Mman512@NotaFakeCompany.com,reyeserika@hotmail.com,2022-06-30 00:00:00,,
513,513,Neal,David,1943-01-03,7187 Crystal Plains Suite 169,Seanport,AK,USA,20025,America/Anchorage,M,(394)868-1001,144-42-3199,Deal513,Deal513@NotaFakeCompany.com,danielle26@yahoo.com,2022-06-30 00:00:00,,
514,514,Davis,Sean,1954-01-04,052 Timothy Roads Suite 416,Donnaborough,NH,USA,71770,['America/New_York'],M,3193074375,391-36-6149,Svis514,Svis514@NotaFakeCompany.com,sharpmelanie@gmail.com,2022-06-30 00:00:00,,
515,515,Zimmerman,Alexis,1978-04-26,66076 Sharon Course Apt. 767,Lake Markberg,FL,USA,69010,America/New_York,F,9946053776,191-63-3417,Aman515,Aman515@NotaFakeCompany.com,tuckermichael@yahoo.com,2022-06-30 00:00:00,,
516,516,Garner,Angela,1917-03-17,1826 Thompson Alley Apt. 788,North Alice,AL,USA,32170,['America/Chicago'],F,001-494-717-6173x387,191-79-2547,Aner516,Aner516@NotaFakeCompany.com,beverly81@hotmail.com,2022-06-30 00:00:00,,
517,517,Goodman,Kimberly,1931-06-11,51764 James Field Apt. 980,North Bobbytown,SD,USA,24482,America/Chicago,F,(921)649-0462x2254,242-17-2344,Kman517,Kman517@NotaFakeCompany.com,stephencoleman@gmail.com,2022-07-31 00:00:00,,
518,518,Pierce,Julia,2014-04-04,65530 Charles Parkway,Jonesport,NY,USA,49227,['America/New_York'],F,(450)793-4636x213,298-99-0216,Jrce518,Jrce518@NotaFakeCompany.com,brownpaul@hotmail.com,2022-07-31 00:00:00,,
519,519,Riley,Claudia,2004-06-16,3116 Susan Alley,Mooreburgh,OK,USA,13177,['America/Chicago'],F,+1-776-821-8588x95324,059-80-6139,Cley519,Cley519@NotaFakeCompany.com,delacruzjeffrey@hotmail.com,2022-07-31 00:00:00,,
521,521,Kim,Deanna,1915-08-01,407 Brown Passage,Hunterville,MI,USA,11468,America/New_York,F,+1-955-248-3949x89664,630-42-5508,DKim521,DKim521@NotaFakeCompany.com,michaelcasey@hotmail.com,2022-07-31 00:00:00,,
522,522,Fry,Margaret,1974-08-24,92914 Estrada Stravenue,North Stacybury,KY,USA,40211,America/Chicago,F,435-381-0160x85668,455-06-8202,MFry522,MFry522@NotaFakeCompany.com,dawn63@hotmail.com,2022-07-31 00:00:00,,
524,524,Turner,Patricia,2000-09-01,8503 Raymond Isle Apt. 938,Webbview,WA,USA,04519,['America/Los_Angeles'],F,888.927.8967,804-89-5406,Pner524,Pner524@NotaFakeCompany.com,hubbardkirk@yahoo.com,2022-07-31 00:00:00,,
525,525,Cole,Kenneth,1927-11-05,19931 Martin Via,South Jon,PR,USA,03102,['America/Puerto_Rico'],M,3907302413,487-82-6412,Kole525,Kole525@NotaFakeCompany.com,riversarthur@gmail.com,2022-07-31 00:00:00,,
526,526,Harris,Holly,1984-01-01,3991 Chapman Manor,Christopherfort,NE,USA,15384,America/Chicago,F,001-333-601-0445x980,114-19-3461,Hris526,Hris526@NotaFakeCompany.com,qacosta@gmail.com,2022-07-31 00:00:00,,
527,527,Keller,Amy,2009-05-29,5756 Kaiser Dale,East Veronicafort,MT,USA,62391,['America/Denver'],F,990.942.1255x86673,192-09-2294,Aler527,Aler527@NotaFakeCompany.com,lking@yahoo.com,2022-07-31 00:00:00,,
528,528,Nicholson,Jonathan,1999-01-05,178 Anthony Glens Suite 559,Buchananfort,MO,USA,21248,['America/Chicago'],M,927.416.4869x8785,214-38-4252,Json528,Json528@NotaFakeCompany.com,nancy65@hotmail.com,2022-08-31 00:00:00,,
529,529,Cowan,Ronald,1935-09-30,41826 Yang Ford Suite 884,Scottport,OH,USA,82985,['America/New_York'],M,+1-874-295-4355x94828,814-83-3794,Rwan529,Rwan529@NotaFakeCompany.com,adamlove@yahoo.com,2022-08-31 00:00:00,,
530,530,Brown,Sandra,1947-12-10,68710 Hernandez Port,New Jamesmouth,WV,USA,26626,['America/New_York'],F,(590)385-2307x954,066-06-1684,Sown530,Sown530@NotaFakeCompany.com,robynwilson@hotmail.com,2022-08-31 00:00:00,,
531,531,Dawn,Mrs.,1913-02-12,5055 Harris Field Apt. 692,East John,MA,USA,03313,['America/New_York'],F,658-755-1994x4233,623-05-4963,Mawn531,Mawn531@NotaFakeCompany.com,harrissean@yahoo.com,2022-08-31 00:00:00,,
532,532,Hernandez,Matthew,1955-06-29,43921 David Mountains Suite 484,South Elizabeth,MS,USA,17198,['America/Chicago'],M,296-667-2744,787-45-0034,Mdez532,Mdez532@NotaFakeCompany.com,brendacordova@gmail.com,2022-08-31 00:00:00,,
533,533,Williams,Tamara,1914-11-26,326 Timothy Via Apt. 110,Christinefurt,MT,USA,40009,['America/Denver'],F,9832432397,581-81-7148,Tams533,Tams533@NotaFakeCompany.com,fodonnell@yahoo.com,2022-08-31 00:00:00,,
534,534,Johnson,Vincent,1970-09-03,183 Moore Motorway Suite 839,Watsonview,WA,USA,75864,['America/Los_Angeles'],M,+1-850-595-9515x40047,848-03-0457,Vson534,Vson534@NotaFakeCompany.com,maria15@hotmail.com,2022-08-31 00:00:00,,
535,535,Matthews,Debbie,1979-08-21,612 Jasmine Walks,Lake William,IL,USA,92600,['America/Chicago'],F,001-877-802-8093,402-34-7724,Dews535,Dews535@NotaFakeCompany.com,ghanson@hotmail.com,2022-08-31 00:00:00,,
536,536,Ortiz,John,2016-01-15,13784 Jennifer Locks,South Christina,AR,USA,48803,['America/Chicago'],M,(685)793-7057x78135,378-28-7791,Jtiz536,Jtiz536@NotaFakeCompany.com,ckemp@hotmail.com,2022-08-31 00:00:00,,
537,537,Hernandez,Gregory,1931-09-25,4652 Black Pines,Port Dustin,WV,USA,69433,['America/New_York'],M,(339)873-6931x929,394-71-6459,Gdez537,Gdez537@NotaFakeCompany.com,leachveronica@yahoo.com,2022-08-31 00:00:00,,
538,538,Marks,Chelsea,1981-05-07,44617 Arthur Islands Suite 221,Michaelview,IA,USA,26451,['America/Chicago'],F,+1-224-973-5505,026-61-4840,Crks538,Crks538@NotaFakeCompany.com,johnny44@gmail.com,2022-08-31 00:00:00,,
539,539,Mcbride,Barbara,1995-03-01,237 Sosa Street,Peterland,NJ,USA,84385,['America/New_York'],F,+1-910-901-1120,344-02-9333,Bide539,Bide539@NotaFakeCompany.com,johnsonjose@yahoo.com,2022-08-31 00:00:00,,
540,540,Moody,Cody,2022-12-20,6125 Abbott Drive,Davisbury,TN,USA,19534,America/Chicago,M,690-777-1258x29194,830-91-5404,Cody540,Cody540@NotaFakeCompany.com,christine85@hotmail.com,2022-08-31 00:00:00,,
541,541,Wilkins,Micheal,1943-12-23,48060 Stephanie Ports Suite 595,Meganberg,MT,USA,77281,['America/Denver'],M,(223)403-2675,208-19-8950,Mins541,Mins541@NotaFakeCompany.com,gabriel82@yahoo.com,2022-08-31 00:00:00,,
542,542,Lloyd,Heidi,1919-12-10,390 Vega Rue Apt. 467,Port Lauraton,PA,USA,09795,['America/New_York'],F,399-535-0613x05403,095-99-5682,Hoyd542,Hoyd542@NotaFakeCompany.com,mgarcia@gmail.com,2022-09-30 00:00:00,,
543,543,Hernandez,Amy,1991-08-22,921 Matthew Common,New Tracyton,AR,USA,88513,['America/Chicago'],F,235.425.3784,328-52-1623,Adez543,Adez543@NotaFakeCompany.com,bthompson@gmail.com,2022-09-30 00:00:00,,
544,544,Singh,Luis,1908-06-18,3248 Kelly Junction,South James,CO,USA,55019,['America/Denver'],M,445-959-4164x00961,325-78-8372,Lngh544,Lngh544@NotaFakeCompany.com,omartinez@gmail.com,2022-09-30 00:00:00,,
545,545,Green,Frank,1988-06-09,559 Paul Well Apt. 979,North William,KS,USA,15913,America/Chicago,M,381-829-0329x6583,722-36-3313,Feen545,Feen545@NotaFakeCompany.com,david45@yahoo.com,2022-09-30 00:00:00,,
546,546,Fisher,Joe,1920-05-20,119 Trevor Pines Suite 948,Port Aliciaville,NC,USA,60446,['America/New_York'],M,733.738.1015x19281,857-35-8379,Jher546,Jher546@NotaFakeCompany.com,jcummings@gmail.com,2022-09-30 00:00:00,,
547,547,Lewis,Sarah,2008-03-05,639 Sandra Dale Suite 578,Simpsonland,MI,USA,98895,America/New_York,F,(874)752-2799x91880,017-88-7944,Swis547,Swis547@NotaFakeCompany.com,greg99@gmail.com,2022-09-30 00:00:00,,
549,549,Bell,Alan,1936-04-15,87298 Robert Ridges,North Joel,RI,USA,90432,['America/New_York'],M,+1-390-339-5539x5766,720-37-5260,Aell549,Aell549@NotaFakeCompany.com,daniel28@hotmail.com,2022-09-30 00:00:00,,
550,550,Tapia,Brad,1988-01-06,33657 John Forks,Amandabury,TN,USA,40501,America/Chicago,M,2283144770,430-57-9041,Bpia550,Bpia550@NotaFakeCompany.com,robin76@yahoo.com,2022-10-31 00:00:00,,
551,551,Foster,Heather,1932-05-29,4836 Patrick Flats,Maryton,WI,USA,22145,['America/Chicago'],F,001-893-407-9151x86232,029-74-2558,Hter551,Hter551@NotaFakeCompany.com,gfernandez@yahoo.com,2022-11-30 00:00:00,,
552,552,Smith,Mary,1971-07-16,3890 Smith Circle,Donaldville,CO,USA,66895,['America/Denver'],F,979-398-2781x616,153-45-0003,Mith552,Mith552@NotaFakeCompany.com,castillocatherine@hotmail.com,2022-11-30 00:00:00,,
553,553,Alvarez,Tyler,1918-01-17,152 Hardy Pine,Kylehaven,IN,USA,22080,America/Chicago,M,(885)807-8771,544-60-8899,Trez553,Trez553@NotaFakeCompany.com,ccantrell@yahoo.com,2022-11-30 00:00:00,,
554,554,Guzman,Kara,2021-03-19,334 Jackson Falls,East Raymond,AS,USA,44738,['Pacific/Samoa'],F,+1-362-880-5540x44597,589-43-6576,Kman554,Kman554@NotaFakeCompany.com,andrewvelazquez@hotmail.com,2022-11-30 00:00:00,,
555,555,Mcintyre,Ashley,1915-11-19,96278 Jeffrey Plaza Suite 125,East Theresa,RI,USA,34433,['America/New_York'],F,6324086613,861-57-4780,Ayre555,Ayre555@NotaFakeCompany.com,lorimacias@hotmail.com,2022-11-30 00:00:00,,
556,556,Horton,Joseph,1975-10-05,397 Anderson Shore,New Emily,OH,USA,16644,['America/New_York'],M,001-263-754-6012x7617,412-61-3946,Jton556,Jton556@NotaFakeCompany.com,tayloralexis@gmail.com,2022-11-30 00:00:00,,
557,557,Dalton,Tiffany,1921-08-28,5345 Sara Valleys Suite 606,South Sharonfurt,PA,USA,67093,['America/New_York'],F,774.352.6834,490-59-8456,Tton557,Tton557@NotaFakeCompany.com,lutzrobert@hotmail.com,2022-11-30 00:00:00,,
558,558,Miller,Jesse,1993-08-17,76709 Andrea Valleys Suite 344,Velazquezbury,TX,USA,56254,America/Chicago,M,(464)761-1863,654-63-2807,Jler558,Jler558@NotaFakeCompany.com,amber57@gmail.com,2022-11-30 00:00:00,,
559,559,Bennett,Gary,1963-10-03,98463 Robert Throughway,Andrewport,UT,USA,20079,['America/Denver'],M,9674859793,696-37-6693,Gett559,Gett559@NotaFakeCompany.com,angela08@yahoo.com,2022-11-30 00:00:00,,
560,560,Young,Nicole,1962-02-25,344 Adrienne Brook Suite 284,Mccoyton,FL,USA,58520,America/New_York,F,(421)607-5790,511-55-6031,Nung560,Nung560@NotaFakeCompany.com,iwalters@gmail.com,2022-11-30 00:00:00,,
561,561,Stanley,Tricia,1950-02-03,567 Ashley Springs Apt. 172,Brianport,NH,USA,84424,['America/New_York'],F,001-960-293-9631x2525,546-50-6987,Tley561,Tley561@NotaFakeCompany.com,omarshall@gmail.com,2022-11-30 00:00:00,,
562,562,Mccarthy,Brenda,1917-05-02,7417 Clark Orchard Suite 595,East Michaelburgh,NJ,USA,57398,['America/New_York'],F,859.367.4303,558-81-0546,Bthy562,Bthy562@NotaFakeCompany.com,butlercarly@yahoo.com,2022-11-30 00:00:00,,
563,563,Ferguson,Jennifer,1987-10-12,99226 Zachary Inlet Suite 557,Kevinfurt,KS,USA,42940,America/Chicago,F,968-982-6967,810-44-3094,Json563,Json563@NotaFakeCompany.com,tristangardner@hotmail.com,2022-11-30 00:00:00,,
564,564,Bates,Shaun,1911-05-05,788 Fleming Streets Suite 994,Port Jonathan,PA,USA,39801,['America/New_York'],M,502.333.1294,734-97-0913,Stes564,Stes564@NotaFakeCompany.com,teresa16@hotmail.com,2022-11-30 00:00:00,,
565,565,Ford,Derrick,2007-06-12,8895 Steven Parkways,Lake Paulville,WY,USA,13847,['America/Denver'],M,001-617-909-4713,338-23-4101,Dord565,Dord565@NotaFakeCompany.com,amandagarcia@gmail.com,2022-11-30 00:00:00,,
566,566,House,Sheri,2012-05-16,5359 Medina Via,East Angelaburgh,NH,USA,14012,['America/New_York'],F,869-582-2050,652-68-1051,Suse566,Suse566@NotaFakeCompany.com,allencatherine@gmail.com,2022-12-31 00:00:00,,
567,567,Smith,Benjamin,1990-05-28,534 Ryan Forges Apt. 038,Shaneview,CA,USA,97624,['America/Los_Angeles'],M,7358134599,869-44-2601,Bith567,Bith567@NotaFakeCompany.com,michaelzimmerman@hotmail.com,2022-12-31 00:00:00,,
568,568,Jordan,Shelly,1918-12-20,48301 James Villages,Thompsonport,UT,USA,71924,['America/Denver'],F,722-639-4547,814-14-4583,Sdan568,Sdan568@NotaFakeCompany.com,bcooper@gmail.com,2022-12-31 00:00:00,,
